Date,Price,Open,High,Low,Vol.,Change %
21-Jan-19,191.25,193.95,194.7,190.65,2.29M,-1.21%
18-Jan-19,193.6,194,196.7,192.5,2.46M,-0.15%
17-Jan-19,193.9,192,194.55,192,3.00M,0.99%
16-Jan-19,192,192.5,194.15,191.6,4.79M,-0.23%
15-Jan-19,192.45,199,199,190.4,6.47M,-0.03%
14-Jan-19,192.5,194.05,194.35,191,3.02M,-0.95%
11-Jan-19,194.35,194.9,195.9,193.25,1.69M,-0.66%
10-Jan-19,195.65,197.45,197.45,194.9,2.02M,-0.99%
9-Jan-19,197.6,197.35,198.75,195.6,2.30M,0.13%
8-Jan-19,197.35,197.9,198.5,195.8,2.24M,-0.55%
7-Jan-19,198.45,196.1,198.9,195.85,2.02M,1.30%
4-Jan-19,195.9,193.3,196.75,191.4,2.26M,1.48%
3-Jan-19,193.05,194.9,195,192,4.47M,-1.13%
2-Jan-19,195.25,199.1,200,194,4.43M,-2.38%
1-Jan-19,200,197.45,200.5,196.1,2.23M,0.68%
31-Dec-18,198.65,196.7,200,196,3.55M,0.81%
28-Dec-18,197.05,197.5,198.35,195.6,2.89M,0.25%
27-Dec-18,196.55,195.05,199.5,193.5,26.15M,0.64%
26-Dec-18,195.3,193.6,196.3,191.35,2.68M,0.70%
24-Dec-18,193.95,197,197.8,193.2,4.82M,-1.50%
21-Dec-18,196.9,198,199.1,195.65,4.91M,-0.53%
20-Dec-18,197.95,197.05,198.95,194.9,4.47M,-0.53%
19-Dec-18,199,195.05,199.5,195.05,6.43M,1.35%
18-Dec-18,196.35,192.9,197,190.9,8.72M,1.97%
17-Dec-18,192.55,190,196.55,189.7,13.35M,3.69%
14-Dec-18,185.7,181.5,186.25,180.5,5.22M,1.73%
13-Dec-18,182.55,182.35,183,181.1,2.39M,0.00%
12-Dec-18,182.55,180.9,183.8,180.7,4.16M,1.25%
11-Dec-18,180.3,177.8,181.3,177.15,3.66M,0.56%
10-Dec-18,179.3,180.5,182.4,176.65,3.62M,-1.83%
7-Dec-18,182.65,183.8,187,180.65,4.71M,-0.46%
6-Dec-18,183.5,183.5,185.4,182.7,4.84M,0.00%
5-Dec-18,183.5,185.1,187.7,182.5,3.25M,-2.00%
4-Dec-18,187.25,183.4,188.2,182.15,3.55M,1.88%
3-Dec-18,183.8,181.1,188.5,181.1,6.25M,2.03%
30-Nov-18,180.15,181,183.55,178.3,5.95M,-0.19%
29-Nov-18,180.5,184.95,188.5,179.3,9.22M,-2.06%
28-Nov-18,184.3,181.9,185,181.5,5.22M,0.96%
27-Nov-18,182.55,181.95,184.95,180.3,3.78M,0.05%
26-Nov-18,182.45,180.05,182.85,178.85,2.83M,1.47%
22-Nov-18,179.8,183.7,183.7,177.8,3.51M,-1.26%
21-Nov-18,182.1,187.5,187.85,181.3,3.62M,-3.34%
20-Nov-18,188.4,191.1,191.1,187.5,1.50M,-0.69%
19-Nov-18,189.7,188.2,190.5,187.65,2.90M,0.85%
16-Nov-18,188.1,187,190,186.2,3.11M,0.53%
15-Nov-18,187.1,186,188.5,185.55,4.96M,0.62%
14-Nov-18,185.95,184.3,187,184.1,5.58M,1.03%
13-Nov-18,184.05,187,188,182.85,4.36M,-1.02%
12-Nov-18,185.95,191.5,192.9,184.25,2.20M,-3.00%
9-Nov-18,191.7,189,192.2,188.8,5.19M,1.40%
7-Nov-18,189.05,190,190,188.1,125.61K,0.51%
6-Nov-18,188.1,187.1,189,185,4.13M,1.10%
5-Nov-18,186.05,189.05,189.5,185,2.74M,-2.00%
2-Nov-18,189.85,189.05,192.3,188.7,3.39M,0.74%
1-Nov-18,188.45,186.1,189.3,185.55,3.15M,1.34%
31-Oct-18,185.95,185.1,186.75,178.8,5.41M,-0.11%
30-Oct-18,186.15,189,189.55,185.6,2.87M,-1.79%
29-Oct-18,189.55,189.4,190.5,187.4,4.71M,0.61%
26-Oct-18,188.4,190.35,191,187.8,3.59M,-1.52%
25-Oct-18,191.3,189.7,192.15,186.7,4.19M,0.47%
24-Oct-18,190.4,191.5,192.25,189.4,2.54M,-0.29%
23-Oct-18,190.95,188,192.65,185.8,2.59M,0.95%
22-Oct-18,189.15,189.4,191,188.25,2.46M,0.00%
19-Oct-18,189.15,189,191.45,187.05,5.34M,0.03%
17-Oct-18,189.1,188.05,190.1,188,2.34M,1.01%
16-Oct-18,187.2,187.95,188.8,185.1,3.67M,-0.48%
15-Oct-18,188.1,188.45,190,186.1,3.90M,-0.19%
12-Oct-18,188.45,186.25,189.75,186.1,3.86M,1.48%
11-Oct-18,185.7,185.95,188.5,184.05,5.63M,-0.77%
10-Oct-18,187.15,186.2,188.95,186.2,1.98M,0.32%
9-Oct-18,186.55,187.05,189.45,185.3,3.12M,-0.05%
8-Oct-18,186.65,186.5,189.05,182.5,2.63M,-0.35%
5-Oct-18,187.3,189,191.55,186.35,3.96M,-1.03%
4-Oct-18,189.25,188,190.95,184.55,6.32M,0.16%
3-Oct-18,188.95,190.5,192.3,188.35,5.82M,-1.79%
1-Oct-18,192.4,188.3,193.9,185.9,2.64M,2.12%
28-Sep-18,188.4,194.5,197.95,187.35,5.78M,-3.16%
27-Sep-18,194.55,193,195.9,192.15,4.56M,0.88%
26-Sep-18,192.85,193.45,194,188.2,4.10M,0.13%
25-Sep-18,192.6,197,198.6,191.65,6.06M,-2.53%
24-Sep-18,197.6,200,200.35,194.55,2.25M,-1.40%
21-Sep-18,200.4,199,201.9,195.1,6.29M,1.06%
19-Sep-18,198.3,199,200,196.2,3.39M,-0.30%
18-Sep-18,198.9,201.5,203.9,198.15,2.78M,-1.49%
17-Sep-18,201.9,197.4,203.55,197.4,8.53M,0.87%
14-Sep-18,200.15,195.25,201.95,193.9,12.83M,3.28%
12-Sep-18,193.8,187.1,195.25,187.1,7.64M,3.69%
11-Sep-18,186.9,193.05,194.85,186.2,5.38M,-3.14%
10-Sep-18,192.95,193.15,195,190.15,3.54M,-1.41%
7-Sep-18,195.7,200.9,200.9,192.85,2.58M,-1.81%
6-Sep-18,199.3,196,201.75,195.5,9.26M,1.87%
5-Sep-18,195.65,194.15,197,192.75,4.13M,0.62%
4-Sep-18,194.45,194.5,196.45,191.65,3.03M,-0.03%
3-Sep-18,194.5,202.85,205,194,5.06M,-3.47%
31-Aug-18,201.5,194.85,202.25,194.85,6.67M,2.31%
30-Aug-18,196.95,193.25,198.2,192.4,12.57M,2.02%
29-Aug-18,193.05,197,199.05,192.1,3.91M,-2.08%
28-Aug-18,197.15,197.6,200.45,195.75,4.63M,-0.33%
27-Aug-18,197.8,191.15,198.3,190.9,7.90M,3.59%
24-Aug-18,190.95,190.5,194.6,189.55,4.72M,0.39%
23-Aug-18,190.2,187.55,191,187.55,5.31M,1.41%
21-Aug-18,187.55,187.65,188.3,185.85,2.06M,-0.05%
20-Aug-18,187.65,187.5,188.85,185.6,1.40M,0.29%
17-Aug-18,187.1,188.5,189,185.75,2.26M,-0.32%
16-Aug-18,187.7,187.4,190,187.1,2.06M,-0.11%
14-Aug-18,187.9,187.55,189,186.55,1.30M,-0.05%
13-Aug-18,188,188.6,190,187.15,1.43M,-1.34%
10-Aug-18,190.55,193.7,193.85,189.1,2.76M,-1.06%
9-Aug-18,192.6,189.5,193,187.85,3.56M,1.64%
8-Aug-18,189.5,189.1,190.7,187.85,3.50M,0.21%
7-Aug-18,189.1,189.85,190.65,187.65,1.84M,-0.18%
6-Aug-18,189.45,191.85,191.85,188.65,2.78M,-0.39%
3-Aug-18,190.2,189.8,190.95,189,4.21M,0.79%
2-Aug-18,188.7,186.15,190.25,184.75,6.92M,2.17%
1-Aug-18,184.7,183,185.75,180.15,5.79M,1.32%
31-Jul-18,182.3,183.65,185.6,181.85,6.59M,-0.49%
30-Jul-18,183.2,180.9,183.75,180.05,5.79M,1.83%
27-Jul-18,179.9,183.25,184.8,178.2,11.08M,-1.07%
26-Jul-18,181.85,176.25,183.8,174.2,19.05M,3.53%
25-Jul-18,175.65,178.65,179,174.7,4.36M,-1.18%
24-Jul-18,177.75,178.2,178.45,176.25,3.52M,0.40%
23-Jul-18,177.05,175.95,178,175.65,3.56M,0.71%
20-Jul-18,175.8,177.5,177.95,174.1,2.97M,-0.93%
19-Jul-18,177.45,179.1,180.8,177.1,3.36M,-0.59%
18-Jul-18,178.5,182.6,183.8,178.05,3.29M,-1.63%
17-Jul-18,181.45,180.7,182.25,180,2.64M,0.06%
16-Jul-18,181.35,181.05,182.5,180.6,6.86M,-0.22%
13-Jul-18,181.75,182.2,183.35,181.25,2.70M,-0.47%
12-Jul-18,182.6,183.2,183.6,181.6,6.48M,-0.16%
11-Jul-18,182.9,183.8,184.75,182.4,2.15M,-0.62%
10-Jul-18,184.05,185,185.35,183.4,4.08M,-0.24%
9-Jul-18,184.5,182.2,185,182,5.76M,1.49%
6-Jul-18,181.8,181.65,182.9,180.85,4.07M,0.08%
5-Jul-18,181.65,183.15,183.75,180.55,4.35M,-0.74%
4-Jul-18,183,185.25,189.25,182.15,5.98M,-0.84%
3-Jul-18,184.55,184.05,185.45,181.2,5.62M,-0.27%
2-Jul-18,185.05,187,187.35,183.5,7.37M,-0.96%
29-Jun-18,186.85,185.25,190.35,184.1,4.75M,1.11%
28-Jun-18,184.8,188.4,188.75,183.15,12.68M,-1.28%
27-Jun-18,187.2,191.95,192.5,185.7,7.37M,-1.86%
26-Jun-18,190.75,193.9,194.7,189,5.55M,-1.78%
25-Jun-18,194.2,197.7,198.3,191.5,4.89M,-1.77%
22-Jun-18,197.7,196.2,198.4,194.1,4.32M,1.15%
21-Jun-18,195.45,198.1,198.65,193.8,6.16M,-1.86%
20-Jun-18,199.15,198.7,199.7,196.8,4.59M,0.23%
19-Jun-18,198.7,197.55,199.7,196.8,4.56M,0.03%
18-Jun-18,198.65,197.85,199.5,196.25,2.42M,0.40%
15-Jun-18,197.85,198.85,199,196.25,5.36M,-0.50%
14-Jun-18,198.85,198.2,199.35,196.6,4.05M,0.35%
13-Jun-18,198.15,196.3,199.35,195.1,6.11M,1.59%
12-Jun-18,195.05,196.45,196.45,193.4,7.55M,-0.33%
11-Jun-18,195.7,198.6,199.25,194.5,11.06M,-1.11%
8-Jun-18,197.9,200.9,201.2,196.75,6.99M,-2.39%
7-Jun-18,202.75,201.45,203.95,198.25,4.32M,0.82%
6-Jun-18,201.1,197.5,203.25,197.5,4.57M,1.13%
5-Jun-18,198.85,200.8,201.15,195.1,7.76M,-1.41%
4-Jun-18,201.7,206.95,206.95,200.6,8.13M,-2.06%
1-Jun-18,205.95,206.9,207.9,200.35,9.62M,-1.67%
31-May-18,209.45,209.9,212.7,201.6,154.32M,-0.02%
30-May-18,209.5,207,211.95,207,20.26M,1.21%
29-May-18,207,208.25,209.7,205.75,8.86M,0.02%
28-May-18,206.95,212.25,212.5,206.3,9.84M,-2.41%
25-May-18,212.05,210.25,213.05,210.25,16.93M,0.14%
24-May-18,211.75,212.4,212.4,211.4,9.71M,0.21%
23-May-18,211.3,211,212.45,209.7,10.25M,0.26%
22-May-18,210.75,213.75,214,209.5,5.29M,-0.89%
21-May-18,212.65,214.45,214.45,211.6,9.38M,-0.14%
18-May-18,212.95,213.7,215,212.1,10.36M,-0.23%
17-May-18,213.45,212.5,216,212.3,10.07M,0.00%
16-May-18,213.45,214.4,215,212.55,10.23M,-0.19%
15-May-18,213.85,209,216,208.65,31.52M,2.30%
14-May-18,209.05,206,209.8,206,7.85M,1.06%
11-May-18,206.85,208.8,209,205.95,6.01M,-0.55%
10-May-18,208,211.2,211.8,204.7,7.86M,-1.82%
9-May-18,211.85,212,213.7,211.15,7.84M,-0.42%
8-May-18,212.75,209.5,214,208.85,11.11M,1.65%
7-May-18,209.3,207,210,207,3.38M,0.92%
4-May-18,207.4,207,207.8,204.5,12.64M,0.46%
3-May-18,206.45,205,207.55,203.25,2.13M,0.63%
2-May-18,205.15,207,209.1,204.7,4.06M,-1.30%
30-Apr-18,207.85,207.55,209,207.05,3.18M,-0.02%
27-Apr-18,207.9,207.5,208.7,207.1,4.15M,0.43%
26-Apr-18,207,207.55,208.7,206.2,4.47M,-0.17%
25-Apr-18,207.35,206.4,210,203.9,3.33M,0.44%
24-Apr-18,206.45,208.2,208.2,204.8,2.02M,-0.17%
23-Apr-18,206.8,207.9,207.9,205.2,2.33M,-0.19%
20-Apr-18,207.2,208.8,209.6,206.2,3.06M,-0.43%
19-Apr-18,208.1,205.5,208.9,204.95,5.98M,1.51%
18-Apr-18,205,205.1,205.8,204.35,4.96M,0.05%
17-Apr-18,204.9,203.2,207.15,202.2,13.20M,2.86%
16-Apr-18,199.2,197.25,200.9,196.8,5.42M,0.86%
13-Apr-18,197.5,196.5,198,196.4,1.93M,0.59%
12-Apr-18,196.35,197.2,197.9,196.1,1.99M,-0.33%
11-Apr-18,197,198,198.2,195.8,3.26M,0.03%
10-Apr-18,196.95,196.85,198.65,196.3,4.25M,0.56%
9-Apr-18,195.85,196,196.5,195.2,2.59M,-0.05%
6-Apr-18,195.95,197.5,197.9,195.75,4.47M,-0.15%
5-Apr-18,196.25,197.9,198.45,196,4.88M,0.10%
4-Apr-18,196.05,198.95,199.9,194.65,5.45M,-1.26%
3-Apr-18,198.55,194.8,199.5,194.55,3.53M,1.87%
2-Apr-18,194.9,192.9,195.2,192.9,3.84M,0.85%
28-Mar-18,193.25,195.5,195.8,192.3,7.93M,-1.38%
27-Mar-18,195.95,195.1,196.35,195.1,4.25M,0.54%
26-Mar-18,194.9,194.4,195.5,194.25,8.69M,0.33%
23-Mar-18,194.25,191,195.25,191,5.10M,0.80%
22-Mar-18,192.7,194.2,194.7,192.25,6.40M,-0.77%
21-Mar-18,194.2,195.5,195.5,193.6,5.44M,-0.36%
20-Mar-18,194.9,194.1,196.1,192.8,5.43M,0.36%
19-Mar-18,194.2,193.4,195.1,192.5,7.59M,1.01%
16-Mar-18,192.25,194.4,197.15,191.35,5.84M,-1.31%
15-Mar-18,194.8,193.95,195.75,193.8,3.45M,0.23%
14-Mar-18,194.35,194.65,196.2,193.5,4.82M,-0.36%
13-Mar-18,195.05,194.9,197,193.25,5.95M,0.03%
12-Mar-18,195,193.5,195.65,193,8.01M,1.09%
9-Mar-18,192.9,195.5,195.65,191.8,5.56M,-1.28%
8-Mar-18,195.4,193.85,195.9,192.4,5.87M,1.06%
7-Mar-18,193.35,192.75,194,191.25,5.33M,0.10%
6-Mar-18,193.15,197.1,197.5,192.1,5.36M,-1.93%
5-Mar-18,196.95,196.8,197.05,194.25,3.93M,-0.23%
1-Mar-18,197.4,197.1,198.5,195.55,4.56M,-0.15%
28-Feb-18,197.7,196.8,198.2,195.4,3.26M,-0.03%
27-Feb-18,197.75,197.25,198.25,195.55,9.75M,0.82%
26-Feb-18,196.15,195,197.2,193,4.70M,1.50%
23-Feb-18,193.25,190.6,193.85,190.35,6.51M,1.58%
22-Feb-18,190.25,193.3,194.5,189.25,14.36M,-1.91%
21-Feb-18,193.95,195.6,195.9,193.3,5.21M,-0.54%
20-Feb-18,195,194.9,196.35,193.75,4.77M,0.44%
19-Feb-18,194.15,195.6,196.95,193.6,2.44M,-0.72%
16-Feb-18,195.55,198.1,198.25,194.75,3.52M,-1.19%
15-Feb-18,197.9,196,198.3,194.7,4.97M,1.25%
14-Feb-18,195.45,198.45,198.45,193.7,7.79M,-1.54%
12-Feb-18,198.5,194.2,199.05,193.3,6.61M,2.74%
9-Feb-18,193.2,192,194.3,191,8.54M,0.00%
8-Feb-18,193.2,194,194.65,192.35,18.86M,-1.18%
7-Feb-18,195.5,195.8,196.85,193.4,8.05M,0.28%
6-Feb-18,194.95,190,195.6,190,7.59M,-0.79%
5-Feb-18,196.5,190,196.95,190,12.37M,1.87%
2-Feb-18,192.9,194.5,194.5,191,12.42M,-1.00%
1-Feb-18,194.85,194.5,195.15,189,9.58M,0.54%
31-Jan-18,193.8,194.95,195.3,192,8.08M,-0.59%
30-Jan-18,194.95,193.8,196.15,190.7,12.84M,0.41%
29-Jan-18,194.15,194.5,196,194,6.19M,-0.08%
25-Jan-18,194.3,196.7,196.85,193.15,7.39M,-0.84%
24-Jan-18,195.95,195.3,196.95,195.15,6.22M,0.05%
23-Jan-18,195.85,195.3,196.35,194.05,9.08M,0.28%
22-Jan-18,195.3,196.15,196.95,195,5.53M,-0.41%
19-Jan-18,196.1,197,198,194.3,4.55M,-0.46%
18-Jan-18,197,198.6,199.8,195.75,13.84M,-0.20%
17-Jan-18,197.4,196,198.7,194,7.32M,0.61%
16-Jan-18,196.2,199.1,199.3,194.35,7.43M,-1.56%
15-Jan-18,199.3,197.8,200.25,195.15,5.60M,1.50%
12-Jan-18,196.35,198.1,198.3,195.7,5.29M,-0.76%
11-Jan-18,197.85,199.1,200.3,197.3,6.92M,-1.00%
10-Jan-18,199.85,201.9,201.9,198.5,4.90M,-0.57%
9-Jan-18,201,201.1,201.4,200.3,4.15M,0.22%
8-Jan-18,200.55,202,203.25,200.05,6.64M,-0.35%
5-Jan-18,201.25,201.3,202.05,200.6,2.77M,0.45%
4-Jan-18,200.35,202,202.85,200,2.36M,-0.64%
3-Jan-18,201.65,201.5,202.45,200.6,4.61M,0.45%
2-Jan-18,200.75,201.25,201.8,199.3,2.47M,0.27%
1-Jan-18,200.2,199.05,201.75,199.05,3.59M,-0.07%
29-Dec-17,200.35,199.55,201.7,199.45,4.82M,0.60%
28-Dec-17,199.15,201.45,202.05,198.5,8.89M,-1.02%
27-Dec-17,201.2,202.5,204.5,200.8,4.41M,-0.62%
26-Dec-17,202.45,202.9,204,201.2,4.47M,-0.30%
22-Dec-17,203.05,203,203.6,201.85,4.16M,-0.02%
21-Dec-17,203.1,204.8,204.8,202.1,4.43M,0.07%
20-Dec-17,202.95,203.1,203.35,199.95,7.93M,0.17%
19-Dec-17,202.6,200.7,203,199.2,11.32M,1.35%
18-Dec-17,199.9,198.95,200.1,193.4,9.47M,0.53%
15-Dec-17,198.85,201.4,202.15,197.5,12.74M,-0.62%
14-Dec-17,200.1,201.3,201.6,198.5,7.22M,-0.20%
13-Dec-17,200.5,201,202.45,199.85,6.81M,-1.18%
12-Dec-17,202.9,204.5,204.5,201.9,4.67M,-0.69%
11-Dec-17,204.3,203.8,205.4,202.6,4.63M,0.59%
8-Dec-17,203.1,203,203.8,199.9,8.22M,0.40%
7-Dec-17,202.3,200.25,203,199.45,6.25M,1.02%
6-Dec-17,200.25,199.7,200.85,198.65,3.13M,-0.02%
5-Dec-17,200.3,202,202.45,196.85,9.84M,-1.21%
4-Dec-17,202.75,203.5,203.95,200.9,4.01M,-0.10%
1-Dec-17,202.95,207,207.35,202.2,4.60M,-1.50%
30-Nov-17,206.05,208.5,208.5,205.15,10.83M,-1.29%
29-Nov-17,208.75,208.6,209.75,207.55,4.12M,0.19%
28-Nov-17,208.35,210,210,206.2,12.12M,-0.86%
27-Nov-17,210.15,211.8,211.85,208,8.33M,-0.50%
24-Nov-17,211.2,208.5,211.85,208,4.35M,1.03%
23-Nov-17,209.05,207.9,209.8,206.55,3.84M,0.97%
22-Nov-17,207.05,208.15,208.15,205.1,4.87M,0.22%
21-Nov-17,206.6,208.95,208.95,205.8,8.77M,-1.05%
20-Nov-17,208.8,210.3,210.3,205.65,4.66M,0.10%
17-Nov-17,208.6,209.3,209.95,207.75,5.17M,0.14%
16-Nov-17,208.3,207.1,208.85,205.15,10.14M,0.63%
15-Nov-17,207,206.7,207.55,204.4,4.87M,0.02%
14-Nov-17,206.95,211,211.05,206.1,2.77M,-1.92%
13-Nov-17,211,211.9,213.35,209.3,4.44M,-0.17%
10-Nov-17,211.35,207,212,206.5,5.06M,1.61%
9-Nov-17,208,209.8,209.8,205,5.34M,-0.07%
8-Nov-17,208.15,208,209.95,207.15,7.19M,0.24%
7-Nov-17,207.65,211.6,212.2,206.5,5.46M,-1.45%
6-Nov-17,210.7,210.75,213.3,209.5,4.49M,0.31%
3-Nov-17,210.05,220.5,220.5,209.6,14.79M,-2.39%
2-Nov-17,215.2,212,216.3,211.8,9.15M,2.31%
1-Nov-17,210.35,212.85,213.4,208.65,6.98M,-0.71%
31-Oct-17,211.85,212.7,218.9,210.7,9.25M,-0.26%
30-Oct-17,212.4,211.95,214.5,211.85,2.32M,0.31%
27-Oct-17,211.75,212.35,213.55,210.4,5.62M,-0.12%
26-Oct-17,212,214.4,215.75,210.75,13.23M,-1.90%
25-Oct-17,216.1,216,219,213.8,9.17M,0.49%
24-Oct-17,215.05,213.3,215.9,211.4,3.97M,0.70%
23-Oct-17,213.55,212.95,214.2,211,7.97M,1.38%
19-Oct-17,210.65,212.85,213,209.55,314.65K,-1.36%
18-Oct-17,213.55,206.2,214.25,206,10.40M,4.22%
17-Oct-17,204.9,205.25,206.9,203.95,2.78M,-0.41%
16-Oct-17,205.75,206.7,208.6,205.15,6.48M,0.05%
13-Oct-17,205.65,202.4,207.1,200.2,6.41M,1.66%
12-Oct-17,202.3,203.05,204.2,201.5,3.10M,-0.27%
11-Oct-17,202.85,205.4,206.1,201.4,6.65M,-0.93%
10-Oct-17,204.75,201.05,206,201,8.19M,1.89%
9-Oct-17,200.95,204.85,204.85,199.65,12.06M,-1.86%
6-Oct-17,204.75,205,205.85,203.55,7.57M,-0.10%
5-Oct-17,204.95,209,209.4,204.15,9.76M,-1.96%
4-Oct-17,209.05,205.05,210.65,205.05,6.79M,1.41%
3-Oct-17,206.15,212.15,212.25,205.5,6.92M,-2.30%
29-Sep-17,211,211,212.65,206.1,7.75M,0.96%
28-Sep-17,209,206,210.9,205,6.54M,0.41%
27-Sep-17,208.15,212,213.05,206.8,4.44M,-1.23%
26-Sep-17,210.75,213.5,213.5,210.15,3.70M,0.29%
25-Sep-17,210.15,209,213.85,207.65,7.34M,0.29%
22-Sep-17,209.55,210.05,211.35,208.1,2.92M,-0.95%
21-Sep-17,211.55,212.9,212.9,210.35,2.88M,-0.63%
20-Sep-17,212.9,215.9,216.2,212.5,3.20M,-1.37%
19-Sep-17,215.85,216.4,216.4,212.8,3.11M,0.23%
18-Sep-17,215.35,212.5,217.35,212.5,5.89M,1.34%
15-Sep-17,212.5,212.7,213.45,208.1,5.09M,-0.68%
14-Sep-17,213.95,213.3,216,212.65,3.82M,0.09%
13-Sep-17,213.75,215.3,216.1,213,2.07M,-0.72%
12-Sep-17,215.3,215.6,216.3,214.3,2.42M,-0.14%
11-Sep-17,215.6,211,216,210.65,3.49M,1.17%
8-Sep-17,213.1,216.2,216.65,212.4,4.83M,-1.30%
7-Sep-17,215.9,215.5,216.15,213.55,2.82M,0.75%
6-Sep-17,214.3,215,216.05,213,2.70M,-0.88%
5-Sep-17,216.2,217.5,217.6,215.9,2.21M,-0.64%
4-Sep-17,217.6,216.6,219.25,212.8,3.51M,0.51%
1-Sep-17,216.5,218.7,218.7,215.8,4.95M,-1.25%
31-Aug-17,219.25,216.25,220,215.05,4.58M,1.69%
30-Aug-17,215.6,216.85,217.45,214.25,5.24M,0.14%
29-Aug-17,215.3,217.3,218.55,213.8,6.88M,-0.83%
28-Aug-17,217.1,220.9,220.9,216.65,5.49M,-1.74%
24-Aug-17,220.95,219.5,222.2,219.05,3.09M,0.55%
23-Aug-17,219.75,219.6,220.8,217.65,2.99M,0.11%
22-Aug-17,219.5,221.95,222.35,218.05,3.74M,-0.36%
21-Aug-17,220.3,224,224.95,219.55,2.93M,-1.19%
18-Aug-17,222.95,219,223.8,218.7,4.34M,1.59%
17-Aug-17,219.45,220.5,221.6,218.75,1.60M,-0.57%
16-Aug-17,220.7,223.7,224.65,219.65,2.94M,-0.92%
14-Aug-17,222.75,219.25,223.95,219,2.81M,1.76%
11-Aug-17,218.9,212.5,220.5,212,4.98M,0.69%
10-Aug-17,217.4,221.8,221.8,215.35,3.83M,-2.03%
9-Aug-17,221.9,222.6,225.2,220.8,2.57M,-0.45%
8-Aug-17,222.9,226.5,226.6,221.45,1.82M,-1.35%
7-Aug-17,225.95,225,226.25,223,2.60M,0.60%
4-Aug-17,224.6,224.4,225.15,221.6,4.49M,0.74%
3-Aug-17,222.95,221,224.55,219.25,2.97M,0.52%
2-Aug-17,221.8,224.65,226,220.7,6.76M,-1.16%
1-Aug-17,224.4,223.8,225.6,220.65,8.59M,0.49%
31-Jul-17,223.3,214.65,224.2,214.65,9.79M,4.03%
28-Jul-17,214.65,216.1,216.8,212.05,4.65M,-0.92%
27-Jul-17,216.65,217.7,219.1,215.75,12.03M,-0.30%
26-Jul-17,217.3,217.85,217.95,215.55,2.96M,0.14%
25-Jul-17,217,217.5,218.6,216.3,3.44M,0.12%
24-Jul-17,216.75,213.25,217.25,213.25,3.45M,0.67%
21-Jul-17,215.3,219.45,219.45,213.5,2.78M,-1.55%
20-Jul-17,218.7,219,220,217.65,5.76M,0.02%
19-Jul-17,218.65,217.4,219.5,216.05,4.79M,1.51%
18-Jul-17,215.4,216.95,220,214.75,4.25M,-0.60%
17-Jul-17,216.7,215.25,217.45,215.25,3.55M,0.70%
14-Jul-17,215.2,216.25,216.25,214.5,2.75M,0.05%
13-Jul-17,215.1,216.95,217,214.45,5.40M,0.51%
12-Jul-17,214,211.95,215,211.95,5.18M,0.97%
11-Jul-17,211.95,212.5,213.35,210.9,7.78M,0.28%
10-Jul-17,211.35,212.2,212.2,209.75,1.60M,0.91%
7-Jul-17,209.45,209.7,210.4,208.2,4.30M,-0.19%
6-Jul-17,209.85,211,211,209,3.14M,-0.10%
5-Jul-17,210.05,211.45,211.45,209.5,3.41M,-0.31%
4-Jul-17,210.7,213,213,209.75,2.55M,-0.35%
3-Jul-17,211.45,210,212.65,209.5,4.93M,0.43%
30-Jun-17,210.55,207.9,211.05,207.8,4.36M,1.23%
29-Jun-17,208,208,210.5,206.9,4.26M,0.19%
28-Jun-17,207.6,206,208.95,203.4,4.00M,0.90%
27-Jun-17,205.75,206,206.7,201.5,3.91M,-0.12%
23-Jun-17,206,203,207,202.4,5.08M,1.83%
22-Jun-17,202.3,205.85,208.7,200,18.96M,-1.65%
21-Jun-17,205.7,208,208,204.75,7.79M,-1.25%
20-Jun-17,208.3,212.25,215,205.6,7.24M,-1.93%
19-Jun-17,212.4,210,212.95,209.95,3.60M,1.17%
16-Jun-17,209.95,210,211.5,207.6,3.45M,-0.19%
15-Jun-17,210.35,210,212.25,209.35,3.15M,-0.07%
14-Jun-17,210.5,211,213,209.5,7.67M,0.12%
13-Jun-17,210.25,206.45,213.15,206,8.87M,1.96%
12-Jun-17,206.2,206.4,207.9,205,2.07M,-0.48%
9-Jun-17,207.2,207.4,208.5,206.5,3.62M,-0.07%
8-Jun-17,207.35,205,207.7,203.6,4.21M,1.12%
7-Jun-17,205.05,203.9,205.7,202.2,4.28M,0.79%
6-Jun-17,203.45,205.55,205.65,202.3,3.00M,-0.90%
5-Jun-17,205.3,206.75,207.35,204.2,2.87M,-0.39%
2-Jun-17,206.1,208.1,208.35,205.3,3.78M,-0.75%
1-Jun-17,207.65,207.55,209.7,206.35,3.58M,-0.14%
31-May-17,207.95,204.95,209.3,204.95,4.38M,1.89%
30-May-17,204.1,208.9,208.9,202.05,6.12M,-2.39%
29-May-17,209.1,203.15,210.75,203.1,8.16M,3.41%
26-May-17,202.2,200,203.9,198.3,3.64M,1.63%
25-May-17,198.95,200.7,200.95,195.65,5.62M,-0.48%
24-May-17,199.9,202.4,203.9,198.5,3.74M,-0.74%
23-May-17,201.4,202.95,203.5,197.35,3.64M,-0.54%
22-May-17,202.5,207,207.7,199.2,4.18M,-1.58%
19-May-17,205.75,209.7,211.75,204.1,10.01M,-1.20%
18-May-17,208.25,208,209.4,207.1,3.26M,-0.26%
17-May-17,208.8,207.6,209.7,206.15,2.08M,0.68%
16-May-17,207.4,206.75,207.95,206.25,2.29M,0.34%
15-May-17,206.7,208.9,209,206.35,3.01M,0.22%
12-May-17,206.25,208,209.6,205.6,3.03M,-0.94%
11-May-17,208.2,211,211.5,206.2,2.78M,-1.09%
10-May-17,210.5,209.7,210.95,209,2.60M,1.03%
9-May-17,208.35,210.05,211.5,207.75,2.66M,-0.79%
8-May-17,210,209.1,210.5,206.7,3.86M,0.48%
5-May-17,209,212,212,207.55,2.81M,-0.78%
4-May-17,210.65,211,212.75,209,7.29M,-0.19%
3-May-17,211.05,206.9,213.8,206.3,6.11M,2.45%
2-May-17,206,208.85,208.85,204.5,2.88M,-0.96%
28-Apr-17,208,207,208.7,205.95,3.08M,0.12%
27-Apr-17,207.75,206,210.15,205.15,7.68M,1.00%
26-Apr-17,205.7,208.5,208.5,204.25,3.36M,-1.39%
25-Apr-17,208.6,206,209.9,204.8,3.54M,1.83%
24-Apr-17,204.85,206.5,206.95,204.1,4.23M,-0.36%
21-Apr-17,205.6,209.4,210.45,203.8,4.47M,-1.58%
20-Apr-17,208.9,212,212.4,205.45,6.65M,-1.09%
19-Apr-17,211.2,202.85,213.5,201.95,16.37M,4.37%
18-Apr-17,202.35,202.5,204.3,201.65,4.32M,0.02%
17-Apr-17,202.3,199.95,203.15,199,6.27M,1.15%
13-Apr-17,200,197.8,201.05,196.8,3.32M,1.21%
12-Apr-17,197.6,200,201.5,196,3.72M,-0.78%
11-Apr-17,199.15,195.35,201.6,194.5,6.00M,1.97%
10-Apr-17,195.3,195.05,195.65,194.35,3.24M,0.15%
7-Apr-17,195,196.05,196.25,194.5,5.18M,-1.12%
6-Apr-17,197.2,196.4,197.95,193.1,4.20M,1.13%
5-Apr-17,195,196.85,197.9,194.2,3.97M,-0.61%
3-Apr-17,196.2,199.4,199.4,196,5.59M,-0.56%
31-Mar-17,197.3,195.65,199.9,195.65,4.79M,0.95%
30-Mar-17,195.45,197.3,197.75,194.25,7.32M,-0.71%
29-Mar-17,196.85,197.3,197.45,195.75,3.63M,0.08%
28-Mar-17,196.7,194.65,197,194.65,3.39M,0.95%
27-Mar-17,194.85,194,196.1,193.65,4.00M,0.57%
24-Mar-17,193.75,193.85,195.15,193.25,3.47M,0.36%
23-Mar-17,193.05,193,193.5,191.6,3.30M,0.49%
22-Mar-17,192.1,191.55,195.6,191.45,4.61M,-0.60%
21-Mar-17,193.25,194,194.55,192.9,4.57M,-0.18%
20-Mar-17,193.6,194,194.45,192.75,5.28M,-0.21%
17-Mar-17,194,196.8,197,193.1,5.36M,-0.56%
16-Mar-17,195.1,194.15,195.45,192.75,2.90M,1.11%
15-Mar-17,192.95,194,194.05,192.5,4.37M,-0.36%
14-Mar-17,193.65,198.45,198.7,192.6,6.69M,0.57%
10-Mar-17,192.55,195,195.7,190.05,9.22M,-0.98%
9-Mar-17,194.45,195.8,195.8,192.5,5.50M,-0.59%
8-Mar-17,195.6,195.3,197.6,194.15,4.47M,0.54%
7-Mar-17,194.55,194.55,195.95,193.55,6.61M,0.36%
6-Mar-17,193.85,191.85,196.2,191.1,8.36M,1.57%
3-Mar-17,190.85,189,191.25,188,4.76M,0.58%
2-Mar-17,189.75,194,194,189,5.98M,-1.51%
1-Mar-17,192.65,193.5,194.7,191.85,5.82M,0.26%
28-Feb-17,192.15,191.9,194.85,191.55,5.65M,-0.31%
27-Feb-17,192.75,200,200,191.9,8.32M,-3.21%
23-Feb-17,199.15,202,202,198.55,7.54M,-1.22%
22-Feb-17,201.6,208.65,208.9,200.9,14.82M,-2.21%
21-Feb-17,206.15,206.45,207.8,204.55,4.18M,-0.15%
20-Feb-17,206.45,203.9,207.4,201.8,5.58M,1.93%
17-Feb-17,202.55,202,203.25,199.55,2.79M,0.70%
16-Feb-17,201.15,200,202.45,199.1,3.53M,-0.15%
15-Feb-17,201.45,201.4,202.6,199.75,4.11M,0.30%
14-Feb-17,200.85,203.9,203.95,200.1,5.29M,-1.08%
13-Feb-17,203.05,201.7,203.95,199.5,5.35M,1.58%
10-Feb-17,199.9,205.2,205.8,199.25,9.46M,-1.11%
9-Feb-17,202.15,202.4,205.6,200.8,7.19M,0.52%
8-Feb-17,201.1,201,202.7,198.3,5.08M,0.60%
7-Feb-17,199.9,201.65,203.6,199.2,3.69M,-0.60%
6-Feb-17,201.1,202.25,204.2,199.75,3.56M,-0.30%
3-Feb-17,201.7,203.2,205.8,201.1,2.52M,-1.10%
2-Feb-17,203.95,205.9,206,203.25,4.37M,-0.90%
1-Feb-17,205.8,208.6,208.6,204.75,4.12M,-0.68%
31-Jan-17,207.2,205.5,209.25,204.45,4.27M,0.73%
30-Jan-17,205.7,204.3,206.45,202.5,3.28M,0.56%
27-Jan-17,204.55,203.5,206.95,202.55,6.24M,0.71%
25-Jan-17,203.1,203.65,204.05,201.9,5.81M,-0.12%
24-Jan-17,203.35,201,204.7,200.6,4.01M,1.57%
23-Jan-17,200.2,199.85,202.2,199.05,4.13M,0.40%
20-Jan-17,199.4,202.6,202.6,197.45,7.31M,-1.19%
19-Jan-17,201.8,198.9,203.7,197.25,4.93M,1.69%
18-Jan-17,198.45,198,199.65,197.05,11.94M,0.35%
17-Jan-17,197.75,199.4,200.65,195.1,5.73M,-0.83%
16-Jan-17,199.4,197,201.05,196.75,4.77M,1.14%
13-Jan-17,197.15,199.9,199.9,196.05,13.46M,-0.43%
12-Jan-17,198,190,199.75,190,15.11M,4.32%
11-Jan-17,189.8,187.3,191.4,185.9,12.28M,1.74%
10-Jan-17,186.55,186.6,188.3,185.05,2.60M,0.00%
9-Jan-17,186.55,189.2,189.2,185.1,1.66M,-1.19%
6-Jan-17,188.8,191.15,192.85,188.25,3.54M,-1.07%
5-Jan-17,190.85,187.05,191.25,186.1,3.58M,2.20%
4-Jan-17,186.75,188.05,188.85,186.05,4.40M,-0.69%
3-Jan-17,188.05,184.9,188.5,184.5,4.40M,2.40%
2-Jan-17,183.65,183.5,185.2,182.6,1.02M,0.08%
30-Dec-16,183.5,180.4,185.1,180.25,2.74M,1.92%
29-Dec-16,180.05,179.2,181.45,179,8.29M,0.03%
28-Dec-16,180,181.05,183,179.1,2.10M,-0.58%
27-Dec-16,181.05,178.7,181.7,176.55,2.56M,1.26%
26-Dec-16,178.8,182.35,182.35,178.25,3.34M,-1.92%
23-Dec-16,182.3,181.6,182.7,179,2.70M,0.30%
22-Dec-16,181.75,183,183.45,181.1,1.49M,-0.82%
21-Dec-16,183.25,182.05,183.7,181.75,2.97M,0.71%
20-Dec-16,181.95,184,184.45,181.75,3.24M,-1.17%
19-Dec-16,184.1,184.15,185,182.85,2.04M,0.16%
16-Dec-16,183.8,183.55,186.25,181.7,14.64M,0.25%
15-Dec-16,183.35,181,185.75,180.5,2.96M,0.77%
14-Dec-16,181.95,185,185.4,181.45,4.11M,-1.78%
13-Dec-16,185.25,185.5,186.55,182.45,2.48M,0.27%
12-Dec-16,184.75,184.25,185.45,183.4,2.08M,0.16%
9-Dec-16,184.45,186,186,183.75,1.94M,-0.65%
8-Dec-16,185.65,183.95,185.95,181.55,3.04M,1.75%
7-Dec-16,182.45,184.7,185.5,182,2.40M,-0.25%
6-Dec-16,182.9,185.4,186.6,182.5,2.56M,-1.19%
5-Dec-16,185.1,183.7,186.05,180.85,6.91M,0.71%
2-Dec-16,183.8,185,185.9,182.5,5.44M,-0.27%
1-Dec-16,184.3,192.5,192.5,183.5,6.22M,-3.96%
30-Nov-16,191.9,190.8,192.7,187.6,4.19M,1.29%
29-Nov-16,189.45,190.65,191.55,188.5,6.98M,-0.55%
28-Nov-16,190.5,187,194.8,186.95,5.80M,0.98%
25-Nov-16,188.65,186.1,190.2,185,8.28M,1.95%
24-Nov-16,185.05,181.95,186.9,180.3,10.35M,1.87%
23-Nov-16,181.65,184.2,187.55,179.6,7.66M,-1.14%
22-Nov-16,183.75,185.9,186.7,180.75,6.74M,-0.70%
21-Nov-16,185.05,193.65,193.65,184.3,6.86M,-3.59%
18-Nov-16,191.95,193.75,195.3,191.4,6.84M,-0.49%
17-Nov-16,192.9,187.95,196.4,184.2,5.28M,2.33%
16-Nov-16,188.5,186.55,190.5,183.35,5.74M,1.92%
15-Nov-16,184.95,182.55,186.6,182.55,6.46M,1.01%
11-Nov-16,183.1,186,188.5,181.5,4.93M,-2.84%
10-Nov-16,188.45,185,190,181.15,10.15M,4.58%
9-Nov-16,180.2,170,181.3,166.95,7.45M,1.81%
8-Nov-16,177,174.25,177.6,173.9,1.84M,1.72%
7-Nov-16,174,174.3,174.6,173.55,4.31M,0.26%
4-Nov-16,173.55,175,175.85,171.25,2.35M,-0.80%
3-Nov-16,174.95,175.15,175.7,174.3,2.29M,-0.09%
2-Nov-16,175.1,175.95,176.5,174.45,2.73M,-1.02%
1-Nov-16,176.9,175.25,179.55,174.15,2.97M,1.32%
30-Oct-16,174.6,176.4,176.4,174.5,89.76K,-0.74%
28-Oct-16,175.9,175.8,177,172.05,2.41M,0.23%
27-Oct-16,175.5,175.1,176.85,173.7,3.95M,0.00%
26-Oct-16,175.5,178,178.3,174.8,2.21M,-1.60%
25-Oct-16,178.35,176.55,178.95,175.6,1.69M,1.28%
24-Oct-16,176.1,176.6,178.35,175.15,1.66M,-0.48%
21-Oct-16,176.95,179.35,179.35,176.1,5.82M,-0.95%
20-Oct-16,178.65,179.35,180.25,177.85,2.27M,0.06%
19-Oct-16,178.55,176.95,180.75,176.1,5.07M,1.22%
18-Oct-16,176.4,176.75,177.8,175,4.10M,0.20%
17-Oct-16,176.05,176.3,177.65,174.8,2.55M,-0.93%
14-Oct-16,177.7,175.8,178.5,172.55,2.79M,1.54%
13-Oct-16,175,177.55,177.85,173.7,8.38M,-1.71%
10-Oct-16,178.05,177.2,179,177.2,2.51M,0.62%
7-Oct-16,176.95,177.9,179.6,176.3,2.24M,-0.53%
6-Oct-16,177.9,181.3,182.25,177.5,3.18M,-1.93%
5-Oct-16,181.4,181.15,183.4,180.4,3.01M,0.22%
4-Oct-16,181,181.5,182.7,180.45,4.48M,-0.11%
3-Oct-16,181.2,177.15,182.9,175.6,5.29M,2.63%
30-Sep-16,176.55,174.1,177.7,171.55,6.66M,1.82%
29-Sep-16,173.4,178.75,182.1,171.7,7.53M,-2.83%
28-Sep-16,178.45,176.2,179.1,176.2,2.54M,1.28%
27-Sep-16,176.2,176.65,178.15,175.85,3.41M,0.28%
26-Sep-16,175.7,175.7,178.3,174.85,3.56M,-0.14%
23-Sep-16,175.95,178.25,179.4,175.7,4.27M,-1.46%
22-Sep-16,178.55,177.1,180.3,176.2,2.63M,1.85%
21-Sep-16,175.3,178.1,180.1,174.55,2.79M,-1.57%
20-Sep-16,178.1,177.65,179.4,177,2.68M,0.39%
19-Sep-16,177.4,175.7,178.2,174.25,2.40M,0.77%
16-Sep-16,176.05,176.3,180.5,173.15,12.20M,0.72%
15-Sep-16,174.8,180.4,180.4,174.05,5.02M,-2.43%
14-Sep-16,179.15,179.95,181.05,178.5,3.76M,-0.61%
12-Sep-16,180.25,182.6,183.4,179.75,2.33M,-1.93%
9-Sep-16,183.8,186,186.65,183.4,2.84M,-1.39%
8-Sep-16,186.4,183.9,187.65,181.65,3.36M,0.89%
7-Sep-16,184.75,186.1,187,183.9,2.83M,-0.99%
6-Sep-16,186.6,184.75,187.7,183.8,5.06M,1.52%
2-Sep-16,183.8,184.55,185,182.3,2.17M,-0.27%
1-Sep-16,184.3,183.5,185,182.25,3.44M,0.33%
31-Aug-16,183.7,183.1,184.5,181.85,3.62M,0.22%
30-Aug-16,183.3,180.9,183.8,179.7,2.93M,1.69%
29-Aug-16,180.25,181.2,181.35,177.6,1.66M,-0.30%
26-Aug-16,180.8,182.65,183.4,180.2,3.99M,-0.80%
25-Aug-16,182.25,182.5,185,180.5,7.31M,-0.03%
24-Aug-16,182.3,182.3,183,181.1,2.99M,0.08%
23-Aug-16,182.15,181.45,183.4,180,4.18M,0.11%
22-Aug-16,181.95,181.45,182.8,180.75,6.38M,0.55%
19-Aug-16,180.95,183,183,179.3,9.32M,-0.58%
18-Aug-16,182,177,183.2,176.25,11.62M,4.21%
17-Aug-16,174.65,177.95,178.8,174.25,6.52M,-1.61%
16-Aug-16,177.5,178.8,183.1,176.25,12.58M,-0.31%
12-Aug-16,178.05,174.2,179,174.2,2.46M,2.30%
11-Aug-16,174.05,174.1,176.55,172.45,2.82M,-0.20%
10-Aug-16,174.4,176.1,176.5,173.6,2.13M,-0.97%
9-Aug-16,176.1,178.5,179.65,175.5,3.55M,-1.34%
8-Aug-16,178.5,177,180,175.5,5.37M,1.13%
5-Aug-16,176.5,179,181.2,176.05,4.96M,-0.95%
4-Aug-16,178.2,176.8,179.35,176.35,5.09M,1.31%
3-Aug-16,175.9,179,179.1,173.7,6.03M,-1.68%
2-Aug-16,178.9,177.5,180.2,176.05,3.65M,0.96%
1-Aug-16,177.2,176,179.9,175.65,6.73M,0.68%
29-Jul-16,176,177.1,177.5,174.7,6.96M,-0.11%
28-Jul-16,176.2,172.9,178.85,172.15,17.67M,2.17%
27-Jul-16,172.45,173,173.7,171.55,4.98M,0.61%
26-Jul-16,171.4,169.25,173,167.2,4.66M,1.45%
25-Jul-16,168.95,166.55,169.6,166.15,2.23M,1.56%
22-Jul-16,166.35,163.5,168.05,162.85,4.05M,2.37%
21-Jul-16,162.5,168.3,168.35,161.8,2.36M,-3.47%
20-Jul-16,168.35,167,170,166.9,3.98M,1.17%
19-Jul-16,166.4,163.3,167,163,3.37M,1.96%
18-Jul-16,163.2,164.6,165.8,162.6,2.19M,-0.64%
15-Jul-16,164.25,166.05,166.4,163.1,3.73M,-0.48%
14-Jul-16,165.05,162.55,165.6,161.9,4.18M,1.98%
13-Jul-16,161.85,166.85,168.45,160.7,6.25M,-2.85%
12-Jul-16,166.6,167,169,166.05,5.17M,0.00%
11-Jul-16,166.6,166.1,171.15,165.95,6.26M,1.31%
8-Jul-16,164.45,163.5,165.4,161.6,4.39M,0.67%
7-Jul-16,163.35,161,164.15,160.2,3.33M,1.30%
5-Jul-16,161.25,165.3,165.8,160.8,3.10M,-2.51%
4-Jul-16,165.4,166.7,167.3,164.65,3.24M,0.15%
1-Jul-16,165.15,164,166.4,163,5.60M,1.26%
30-Jun-16,163.1,160,163.85,159.3,10.52M,2.42%
29-Jun-16,159.25,155.8,160.35,155.55,5.53M,2.44%
28-Jun-16,155.45,154.55,156,153.65,3.29M,0.94%
27-Jun-16,154,153.05,157,153,2.88M,-1.16%
24-Jun-16,155.8,153.45,156.15,150.6,3.38M,-0.54%
23-Jun-16,156.65,155.5,157.85,152.85,2.83M,0.67%
22-Jun-16,155.6,156.05,156.7,154.6,2.70M,-0.26%
21-Jun-16,156,156.55,157.3,155.05,2.97M,-0.41%
20-Jun-16,156.65,157,157.5,155.25,2.95M,-0.25%
17-Jun-16,157.05,155,157.95,152.9,5.05M,1.58%
16-Jun-16,154.6,154.4,156.3,151.85,3.03M,0.13%
15-Jun-16,154.4,151.15,154.75,151.15,2.97M,2.56%
14-Jun-16,150.55,151.75,152.4,150.3,1.64M,-0.82%
13-Jun-16,151.8,153.75,153.75,151.35,4.05M,-1.68%
10-Jun-16,154.4,152.9,155.15,152.85,5.06M,1.05%
9-Jun-16,152.8,152.7,154.45,152.35,2.54M,0.16%
8-Jun-16,152.55,150,152.9,149.3,2.14M,1.77%
7-Jun-16,149.9,149.4,150.95,149.25,2.12M,0.44%
6-Jun-16,149.25,150.2,150.7,148.55,1.35M,-0.76%
3-Jun-16,150.4,150.6,150.85,149.25,1.94M,0.13%
2-Jun-16,150.2,148.9,150.6,148.1,2.22M,0.87%
1-Jun-16,148.9,150.6,150.6,148.4,2.82M,-0.73%
31-May-16,150,152,152.35,149.55,2.42M,-1.15%
30-May-16,151.75,151.1,152.95,149.35,3.40M,0.60%
27-May-16,150.85,151.4,152.4,148.8,4.29M,0.17%
26-May-16,150.6,150,151.4,148.6,6.38M,0.60%
25-May-16,149.7,148,150,147.05,4.05M,2.04%
24-May-16,146.7,149,149.25,146.2,1.99M,-0.98%
23-May-16,148.15,145.6,148.9,145,5.68M,2.31%
20-May-16,144.8,144.6,145.15,143.7,1.72M,0.28%
19-May-16,144.4,143.3,145.6,143.3,3.39M,0.94%
18-May-16,143.05,144,144.9,142.7,1.45M,-1.28%
17-May-16,144.9,146,146,142.6,2.67M,0.31%
16-May-16,144.45,144.95,145.9,143,2.53M,-0.21%
13-May-16,144.75,143.3,145.2,142.4,3.78M,0.59%
12-May-16,143.9,141.9,144.35,141.2,2.74M,1.73%
11-May-16,141.45,140.8,142.2,139.5,2.57M,-0.28%
10-May-16,141.85,143.15,143.75,141,4.36M,-1.15%
9-May-16,143.5,142.5,144.15,141.65,2.83M,0.74%
6-May-16,142.45,143.15,143.35,140.5,2.09M,-0.56%
5-May-16,143.25,143,144.3,142.1,1.56M,0.35%
4-May-16,142.75,144.8,145.1,142,2.50M,-1.69%
3-May-16,145.2,143,146.8,143,2.57M,1.65%
2-May-16,142.85,143,144,141.6,1.90M,-0.38%
29-Apr-16,143.4,142.25,143.85,140.5,2.47M,1.09%
28-Apr-16,141.85,144.2,145.45,141.35,5.29M,-1.73%
27-Apr-16,144.35,145.3,146,143.65,1.79M,-0.55%
26-Apr-16,145.15,144.45,146.25,143.05,5.04M,0.94%
25-Apr-16,143.8,146.1,146.1,142.55,2.03M,-1.54%
22-Apr-16,146.05,146.3,147.3,144.3,2.43M,-0.07%
21-Apr-16,146.15,148.35,149.55,145.1,3.55M,-1.25%
20-Apr-16,148,145.7,149.9,145.15,4.34M,1.40%
18-Apr-16,145.95,145,146.75,142.75,4.13M,0.66%
13-Apr-16,145,144.35,145.35,143.9,5.76M,1.29%
12-Apr-16,143.15,142,145.25,142,5.01M,0.63%
11-Apr-16,142.25,140.65,142.95,140.55,6.95M,0.96%
8-Apr-16,140.9,140.25,141.15,140.25,2.33M,0.50%
7-Apr-16,140.2,140.65,140.9,139.6,6.98M,0.36%
6-Apr-16,139.7,139.85,141.3,139.35,5.86M,0.47%
5-Apr-16,139.05,139.8,140.8,138.7,4.36M,0.32%
4-Apr-16,138.6,138.75,140.1,138.3,3.18M,0.22%
1-Apr-16,138.3,139.8,140,138.1,2.21M,-0.58%
31-Mar-16,139.1,138.5,140.45,138.5,8.84M,-0.47%
30-Mar-16,139.75,138.9,140.35,138.35,3.26M,1.16%
29-Mar-16,138.15,140,141,137.55,6.46M,-0.68%
28-Mar-16,139.1,137.9,140,136.5,4.89M,1.20%
23-Mar-16,137.45,137.3,139.15,136.95,6.49M,-0.54%
22-Mar-16,138.2,138,139.35,137.5,3.73M,0.14%
21-Mar-16,138,136.55,138.45,136.25,2.63M,0.84%
18-Mar-16,136.85,138.5,139.1,136.5,5.17M,-0.83%
17-Mar-16,138,139.25,140.25,136.9,4.22M,-0.54%
16-Mar-16,138.75,139.4,140,137.5,3.47M,-0.14%
15-Mar-16,138.95,138.15,140,138.15,6.56M,0.25%
14-Mar-16,138.6,138.6,139,137.7,2.49M,0.29%
11-Mar-16,138.2,139.65,140.4,137.65,2.64M,-1.04%
10-Mar-16,139.65,140.1,140.9,138.1,2.09M,-0.07%
9-Mar-16,139.75,136.9,140.2,136.6,4.10M,1.49%
8-Mar-16,137.7,139.5,139.7,136.1,11.32M,-0.69%
4-Mar-16,138.65,136.4,139.15,135.45,16.44M,2.21%
3-Mar-16,135.65,136.5,136.9,134.05,3.97M,0.18%
2-Mar-16,135.4,135,138.2,134.05,7.62M,1.23%
1-Mar-16,133.75,131,134.35,130.25,8.03M,2.85%
29-Feb-16,130.05,134.35,134.35,129.2,6.46M,-2.69%
26-Feb-16,133.65,133.5,135.9,132,7.04M,1.44%
25-Feb-16,131.75,140.1,140.25,131.05,10.72M,-5.69%
24-Feb-16,139.7,138,141,137.65,6.41M,1.90%
23-Feb-16,137.1,140,140.3,136.7,2.18M,-1.83%
22-Feb-16,139.65,141,141.5,138.35,1.29M,-0.96%
19-Feb-16,141,139.8,142,139.05,3.56M,0.82%
18-Feb-16,139.85,140.1,141.75,139,4.94M,0.18%
17-Feb-16,139.6,139.85,139.85,137.35,4.39M,0.22%
16-Feb-16,139.3,139.1,140.55,137.8,3.81M,0.43%
15-Feb-16,138.7,139.1,140.65,138.1,4.76M,0.25%
12-Feb-16,138.35,138,140.8,136.3,9.04M,1.21%
11-Feb-16,136.7,142.85,143.85,134.1,4.08M,-4.64%
10-Feb-16,143.35,141,144.55,141,4.57M,0.99%
9-Feb-16,141.95,141.8,145.5,141,4.10M,-0.35%
8-Feb-16,142.45,145.05,146.05,141.65,2.15M,-1.93%
5-Feb-16,145.25,147.05,147.4,144.35,3.47M,-1.06%
4-Feb-16,146.8,144.85,147.5,142.85,4.91M,2.48%
3-Feb-16,143.25,143.85,146.2,141.45,6.81M,-2.05%
2-Feb-16,146.25,146.5,150.35,145,10.28M,-0.34%
1-Feb-16,146.75,147.9,148.4,146.15,6.91M,-0.74%
29-Jan-16,147.85,144.8,148.4,144.5,6.31M,2.89%
28-Jan-16,143.7,141,144.5,140.5,12.71M,3.94%
27-Jan-16,138.25,133.8,139.25,133.4,8.17M,3.95%
25-Jan-16,133,134,134.45,131.25,5.00M,-0.08%
22-Jan-16,133.1,133.2,135.8,132.1,4.56M,0.68%
21-Jan-16,132.2,134.8,137.35,132,5.86M,-1.82%
20-Jan-16,134.65,134.6,140.3,130.55,9.00M,-0.96%
19-Jan-16,135.95,138.45,139.8,134.8,4.10M,-1.59%
18-Jan-16,138.15,140,141.05,137.4,4.17M,-0.68%
15-Jan-16,139.1,142.15,143.25,138.3,4.18M,-2.63%
14-Jan-16,142.85,141.4,144.5,141.4,5.78M,-0.03%
13-Jan-16,142.9,143.15,144.4,140.1,4.20M,0.11%
12-Jan-16,142.75,143.5,146.75,142.05,3.72M,-0.35%
11-Jan-16,143.25,140.5,145.5,139,4.66M,1.13%
8-Jan-16,141.65,140,142,138.9,5.82M,2.57%
7-Jan-16,138.1,139.5,141.75,137.5,3.82M,-1.00%
6-Jan-16,139.5,138.6,139.95,138,2.99M,0.25%
5-Jan-16,139.15,141.05,141.95,138.2,2.40M,-1.28%
4-Jan-16,140.95,140.5,144.35,139.9,3.83M,-0.04%
1-Jan-16,141,141.4,141.85,140.75,1.82M,-0.11%
31-Dec-15,141.15,141,142,139.6,4.03M,0.11%
30-Dec-15,141,140.25,141.65,140.25,4.61M,0.04%
29-Dec-15,140.95,142.2,142.6,140.4,4.82M,-0.84%
28-Dec-15,142.15,140.45,142.75,139.65,3.24M,1.46%
24-Dec-15,140.1,140,140.85,139.35,1.25M,0.04%
23-Dec-15,140.05,138.8,140.5,138.8,2.09M,1.12%
22-Dec-15,138.5,139.55,140.6,137.95,5.43M,-0.68%
21-Dec-15,139.45,135.4,139.9,135.4,3.51M,2.99%
18-Dec-15,135.4,134,136.5,133.05,15.76M,0.63%
17-Dec-15,134.55,133.3,135.15,131.75,614.60K,0.90%
16-Dec-15,133.35,130,134.1,129.7,1.48M,2.97%
15-Dec-15,129.5,128.15,129.8,127.25,1.04M,1.05%
14-Dec-15,128.15,127.3,129.4,126.75,873.29K,0.12%
11-Dec-15,128,131,131,127.4,852.20K,-2.10%
10-Dec-15,130.75,130,131,129.25,611.40K,0.46%
9-Dec-15,130.15,129.7,131.7,129.05,1.24M,-0.04%
8-Dec-15,130.2,131,131.2,129.35,826.70K,-0.72%
7-Dec-15,131.15,131,131.85,129.7,858.30K,0.31%
4-Dec-15,130.75,133.7,133.7,130.45,774.31K,-2.28%
3-Dec-15,133.8,135,136,133.3,659.92K,-1.18%
2-Dec-15,135.4,136,136.55,134.6,782.40K,-0.44%
1-Dec-15,136,136.1,138,135.35,1.42M,-0.07%
30-Nov-15,136.1,133.55,136.9,133.3,1.13M,1.95%
27-Nov-15,133.5,133.65,134,132.5,903.17K,-0.22%
26-Nov-15,133.8,131.5,134.45,131.4,2.35M,1.48%
24-Nov-15,131.85,131,132.6,130.95,698.35K,0.34%
23-Nov-15,131.4,130.5,131.8,130.5,1.22M,0.38%
20-Nov-15,130.9,132,132.7,130.4,1.22M,-0.72%
19-Nov-15,131.85,131.7,132.7,130.45,1.42M,0.73%
18-Nov-15,130.9,130.65,131.6,129.75,746.68K,0.11%
17-Nov-15,130.75,129.25,131.8,129.2,901.50K,1.36%
16-Nov-15,129,129.5,130.7,128.55,822.61K,-0.92%
13-Nov-15,130.2,128,131.4,127.5,780.12K,0.58%
11-Nov-15,129.45,130,130,128.55,223.77K,0.90%
10-Nov-15,128.3,129.2,129.95,127.7,861.25K,-1.35%
9-Nov-15,130.05,129,130.9,126.65,2.96M,-0.95%
6-Nov-15,131.3,132.4,132.5,129.05,2.37M,0.27%
5-Nov-15,130.95,131.8,132.5,130.4,5.29M,-0.19%
4-Nov-15,131.2,133.2,133.9,130.4,5.74M,-0.34%
3-Nov-15,131.65,130.45,132.15,130.2,1.62M,2.09%
2-Nov-15,128.95,128.75,129.4,127.15,847.86K,0.16%
30-Oct-15,128.75,128.5,131.85,128.25,1.71M,0.47%
29-Oct-15,128.15,130.6,130.6,126.2,3.74M,-2.21%
28-Oct-15,131.05,133.15,133.95,130.45,2.66M,-2.13%
27-Oct-15,133.9,135.55,136.25,133.45,945.49K,-1.36%
26-Oct-15,135.75,136.5,136.85,135.25,1.01M,-0.44%
23-Oct-15,136.35,136.5,137.55,135.5,1.33M,0.33%
21-Oct-15,135.9,136,137.2,134.9,1.97M,0.00%
20-Oct-15,135.9,134,137.1,133.5,1.85M,1.57%
19-Oct-15,133.8,135,135.35,132.85,922.61K,-0.89%
16-Oct-15,135,135.4,136,133.6,2.05M,-0.04%
15-Oct-15,135.05,133.5,135.45,133.2,1.66M,1.54%
14-Oct-15,133,132.9,133.5,132.2,968.80K,-0.04%
13-Oct-15,133.05,133,133.7,132.45,402.41K,-0.19%
12-Oct-15,133.3,132.5,133.7,131.8,885.72K,0.57%
9-Oct-15,132.55,133,133.5,131.9,799.52K,0.08%
8-Oct-15,132.45,132.9,133,131.6,741.90K,-0.08%
7-Oct-15,132.55,132.6,133.2,131.7,789.21K,0.23%
6-Oct-15,132.25,132.85,134.5,131.7,1.05M,-0.19%
5-Oct-15,132.5,131,134.15,130.95,1.02M,1.49%
1-Oct-15,130.55,133,133.9,130.25,1.14M,-1.36%
30-Sep-15,132.35,128.4,132.7,128.35,1.71M,3.12%
29-Sep-15,128.35,125.85,130.5,125.4,1.36M,1.22%
28-Sep-15,126.8,126.45,129,124.7,1.35M,1.12%
24-Sep-15,125.4,128,130.05,124.55,5.48M,-1.88%
23-Sep-15,127.8,131.05,132,125.8,3.25M,-2.44%
22-Sep-15,131,136.7,137,129.25,1.47M,-4.06%
21-Sep-15,136.55,132.8,137,131.7,1.71M,2.28%
18-Sep-15,133.5,132,134.9,131.5,1.52M,1.83%
16-Sep-15,131.1,128.5,131.5,128,1.50M,2.18%
15-Sep-15,128.3,127.5,130.15,126,1.79M,0.59%
14-Sep-15,127.55,124.8,127.95,123.5,1.35M,2.61%
11-Sep-15,124.3,124,125.8,123.1,1.00M,0.77%
10-Sep-15,123.35,124.75,124.75,120.7,2.24M,-2.10%
9-Sep-15,126,129.4,130.5,124.6,1.80M,-0.04%
8-Sep-15,126.05,122,127.5,121.1,1.66M,3.07%
7-Sep-15,122.3,122.8,124.9,120.55,1.75M,-1.05%
4-Sep-15,123.6,126.9,126.9,122.45,2.18M,-2.83%
3-Sep-15,127.2,125.4,128.05,125.1,1.75M,1.60%
2-Sep-15,125.2,129.3,130,123.75,2.54M,-3.02%
1-Sep-15,129.1,129.35,131.1,128,2.23M,-1.19%
31-Aug-15,130.65,134.5,135.45,130.1,1.30M,-3.33%
28-Aug-15,135.15,135.6,137.5,133.7,1.24M,0.22%
27-Aug-15,134.85,132.45,138.45,130.25,3.04M,2.98%
26-Aug-15,130.95,128.6,132.8,128,1.47M,1.83%
25-Aug-15,128.6,131,133.65,125.15,6.95M,-1.91%
24-Aug-15,131.1,130.85,132.5,127.7,4.30M,-1.72%
21-Aug-15,133.4,135,135.2,133.05,2.26M,-1.98%
20-Aug-15,136.1,135.1,136.95,134.35,1.27M,-0.26%
19-Aug-15,136.45,137.5,138.4,136.1,1.36M,-0.69%
18-Aug-15,137.4,138.1,138.7,136.65,822.38K,-0.51%
17-Aug-15,138.1,138.5,139.45,136.95,457.75K,-0.18%
14-Aug-15,138.35,137.8,139.05,137.7,733.88K,0.40%
13-Aug-15,137.8,135.8,138.6,126,1.39M,1.32%
12-Aug-15,136,137,137.9,135.7,828.29K,-1.41%
11-Aug-15,137.95,140,140.8,135.6,2.18M,-0.07%
10-Aug-15,138.05,140.1,141.5,137.4,1.45M,-1.11%
7-Aug-15,139.6,140.55,142.3,139.35,1.25M,-1.03%
6-Aug-15,141.05,140.3,141.9,140.2,728.54K,0.21%
5-Aug-15,140.75,141,141.45,140.1,623.17K,-0.18%
4-Aug-15,141,140.5,142.5,139.95,563.35K,0.28%
3-Aug-15,140.6,141.05,142.9,140.3,848.46K,-0.99%
31-Jul-15,142,142.85,142.85,140.4,1.10M,-0.28%
30-Jul-15,142.4,140.2,143.25,139.9,1.66M,1.71%
29-Jul-15,140,140.7,141.3,139.5,1.07M,-0.96%
28-Jul-15,141.35,141,141.7,139.45,870.27K,0.68%
27-Jul-15,140.4,141.35,142.95,140.05,729.18K,-1.16%
24-Jul-15,142.05,142.2,142.95,141.2,951.91K,-0.14%
23-Jul-15,142.25,143.1,143.3,140.75,689.28K,-0.39%
22-Jul-15,142.8,139.7,143.25,138.8,1.06M,2.00%
21-Jul-15,140,140.15,140.9,139.65,740.19K,-0.14%
20-Jul-15,140.2,141.75,141.75,140.05,938.42K,-0.71%
17-Jul-15,141.2,139.65,141.75,139.5,954.25K,1.15%
16-Jul-15,139.6,139.7,140.15,139.1,1.03M,-0.11%
15-Jul-15,139.75,140.05,140.7,139.5,846.49K,-0.32%
14-Jul-15,140.2,140.1,140.95,138.8,1.27M,0.14%
13-Jul-15,140,138.4,140.4,137.05,906.97K,0.97%
10-Jul-15,138.65,137.1,139.15,136.85,1.63M,1.20%
9-Jul-15,137,138.1,138.55,136.9,1.39M,-0.72%
8-Jul-15,138,138.1,139.2,136.4,1.37M,-0.43%
7-Jul-15,138.6,141,141.5,138.25,1.82M,-1.00%
6-Jul-15,140,140.5,142.2,139.7,1.17M,-1.06%
3-Jul-15,141.5,140.5,142.95,140.5,1.72M,0.00%
2-Jul-15,141.5,142.95,143,140.6,1.67M,-0.60%
1-Jul-15,142.35,139.15,143.1,138.4,1.12M,2.34%
30-Jun-15,139.1,139.5,140.4,137.65,1.46M,-0.29%
29-Jun-15,139.5,137.8,140.2,137.7,1.94M,0.29%
26-Jun-15,139.1,140.5,141.25,138.9,2.35M,-1.56%
25-Jun-15,141.3,140.2,141.9,138.85,6.26M,1.04%
24-Jun-15,139.85,139.05,140.55,139.05,1.74M,0.32%
23-Jun-15,139.4,141,141.8,139.15,2.36M,-1.34%
22-Jun-15,141.3,140.85,142.2,140.4,1.04M,0.93%
19-Jun-15,140,141.95,142.4,138.7,5.13M,-1.37%
18-Jun-15,141.95,141.3,142.7,140.85,2.56M,0.11%
17-Jun-15,141.8,143.7,144.35,140.45,1.70M,-1.60%
16-Jun-15,144.1,140.8,144.65,140.5,1.52M,2.05%
15-Jun-15,141.2,145,145,140.65,2.01M,-2.89%
12-Jun-15,145.4,145.5,145.95,142.25,1.47M,-0.41%
11-Jun-15,146,146.6,147.35,144.85,1.19M,-0.78%
10-Jun-15,147.15,147.55,148.2,146.2,1.62M,-0.14%
9-Jun-15,147.35,146,148.15,145.3,1.52M,0.82%
8-Jun-15,146.15,145.45,146.7,143.95,2.37M,0.86%
5-Jun-15,144.9,144,146.3,143,4.89M,0.38%
4-Jun-15,144.35,143,145.15,142.4,4.82M,0.80%
3-Jun-15,143.2,142.15,143.75,140.75,3.39M,0.49%
2-Jun-15,142.5,142.5,142.9,141.35,2.61M,-0.42%
1-Jun-15,143.1,146.65,146.9,142.25,8.90M,-0.42%
29-May-15,143.7,142.5,144.45,141.25,1.95M,0.35%
28-May-15,143.2,144.25,144.25,140.55,2.16M,0.00%
27-May-15,143.2,143.05,143.6,141.8,639.71K,0.10%
26-May-15,143.05,143.4,143.6,141.55,1.25M,-0.03%
25-May-15,143.1,141.75,143.4,141.05,3.13M,1.53%
22-May-15,140.95,139.3,141.95,137.4,3.03M,1.04%
21-May-15,139.5,140.5,140.95,138.7,1.48M,-0.92%
20-May-15,140.8,139.1,141.4,139.05,2.91M,1.48%
19-May-15,138.75,140,143.9,138.1,3.71M,-0.93%
18-May-15,140.05,139.5,140.95,138.75,8.42M,0.00%
15-May-15,140.05,140.2,141.7,139.3,3.55M,0.47%
14-May-15,139.4,140.8,140.8,138.25,1.95M,-1.03%
13-May-15,140.85,139.5,141.5,138.05,2.31M,1.11%
12-May-15,139.3,142.9,143.05,138.6,2.56M,-2.59%
11-May-15,143,140.75,143.35,139.8,2.21M,2.14%
8-May-15,140,141,142.2,139.7,1.68M,-0.21%
7-May-15,140.3,140,141.05,138.05,3.06M,-0.21%
6-May-15,140.6,142.75,142.75,140.05,3.39M,-1.78%
5-May-15,143.15,143.05,146.65,141.55,4.50M,-0.69%
4-May-15,144.15,143,144.6,141,2.05M,1.37%
30-Apr-15,142.2,142.1,144.8,140.4,2.31M,-0.59%
29-Apr-15,143.05,144.35,144.8,142.5,1.16M,-0.97%
28-Apr-15,144.45,144.3,146.5,143.5,1.93M,-0.34%
27-Apr-15,144.95,146.1,147.75,144.5,1.15M,-0.62%
24-Apr-15,145.85,146,147.95,144.05,1.47M,-0.55%
23-Apr-15,146.65,148,148.95,145.9,1.98M,-0.27%
22-Apr-15,147.05,149,149.55,146.6,2.73M,-1.21%
21-Apr-15,148.85,150,152,148.1,1.30M,-0.63%
20-Apr-15,149.8,150.2,152.6,148.65,1.28M,-0.20%
17-Apr-15,150.1,150.7,151.6,149.1,2.06M,-0.40%
16-Apr-15,150.7,151.15,152.25,147.5,1.40M,-0.56%
15-Apr-15,151.55,154.95,156,151,1.31M,-1.81%
13-Apr-15,154.35,152.8,155.7,150.75,1.24M,1.08%
10-Apr-15,152.7,151.5,153.05,150.3,1.24M,1.13%
9-Apr-15,151,147.55,151.6,147.4,1.36M,2.51%
8-Apr-15,147.3,147.55,149.8,147,2.26M,-0.44%
7-Apr-15,147.95,147.2,148.2,146,1.38M,0.00%
6-Apr-15,147.95,146.4,149.45,145.85,2.99M,1.02%
1-Apr-15,146.45,145.1,146.85,145.1,1.58M,0.83%
31-Mar-15,145.25,145.5,146.45,144.5,2.70M,0.17%
30-Mar-15,145,145.05,145.6,143.6,2.45M,0.17%
27-Mar-15,144.75,145.1,145.95,143.2,1.96M,-0.24%
26-Mar-15,145.1,146.9,149.5,144.05,6.66M,-0.96%
25-Mar-15,146.5,147.75,148.55,146.2,3.38M,-0.98%
24-Mar-15,147.95,149,150.85,147.5,2.91M,-0.84%
23-Mar-15,149.2,149.5,151.9,148.55,2.39M,0.67%
20-Mar-15,148.2,146,149.85,144.6,2.12M,1.44%
19-Mar-15,146.1,146.65,149.25,145,1.49M,-0.38%
18-Mar-15,146.65,147.5,148.25,145.9,1.97M,-0.68%
17-Mar-15,147.65,147.1,149,146.05,2.41M,0.61%
16-Mar-15,146.75,145.55,147.7,145.55,869.97K,0.10%
13-Mar-15,146.6,150.25,150.4,146,2.11M,-2.04%
12-Mar-15,149.65,148.05,152.4,148.05,2.27M,1.18%
11-Mar-15,147.9,149.4,150,147.45,1.88M,-0.40%
10-Mar-15,148.5,150.25,150.35,146.7,2.25M,-1.16%
9-Mar-15,150.25,153.3,154.35,149.7,1.63M,-3.16%
5-Mar-15,155.15,154,156.15,151.6,1.41M,0.45%
4-Mar-15,154.45,156.15,157.35,153.1,2.77M,-0.71%
3-Mar-15,155.55,156.2,156.4,154.15,2.12M,-0.73%
2-Mar-15,156.7,157.75,159,155.4,1.85M,-0.10%
28-Feb-15,156.85,158.5,159.15,155.25,2.35M,-0.16%
27-Feb-15,157.1,152.95,157.5,152.1,2.74M,2.85%
26-Feb-15,152.75,154.1,156.45,150.8,4.14M,-1.16%
25-Feb-15,154.55,157.6,157.75,152.6,2.16M,-1.40%
24-Feb-15,156.75,155.9,157.7,155.55,2.13M,0.55%
23-Feb-15,155.9,153,157.5,152.5,3.29M,1.73%
20-Feb-15,153.25,153.9,154.8,152.3,2.58M,-0.68%
19-Feb-15,154.3,154.8,155.05,151.15,1.52M,-0.29%
18-Feb-15,154.75,152.1,155,151.25,2.27M,1.31%
16-Feb-15,152.75,152,154.4,152,2.13M,0.83%
13-Feb-15,151.5,151.75,152.7,149.35,4.65M,0.83%
12-Feb-15,150.25,148.8,152,146.05,4.37M,3.09%
11-Feb-15,145.75,146,148.85,145,3.19M,0.45%
10-Feb-15,145.1,140.2,146.2,140,2.24M,2.58%
9-Feb-15,141.45,143,143.45,140,1.41M,-1.39%
6-Feb-15,143.45,142.4,145,141.6,1.36M,-0.14%
5-Feb-15,143.65,146.25,146.9,142.7,1.38M,-1.78%
4-Feb-15,146.25,147.5,149.25,145.9,979.22K,-0.65%
3-Feb-15,147.2,148.9,149.4,146.5,742.51K,-0.44%
2-Feb-15,147.85,147.25,148.7,146,1.37M,-0.10%
30-Jan-15,148,148.5,150.5,146,1.74M,-0.54%
29-Jan-15,148.8,149.85,149.95,147.6,3.89M,-0.43%
28-Jan-15,149.45,150.45,151.7,149,3.07M,-0.33%
27-Jan-15,149.95,148.25,151,147.2,3.40M,0.27%
23-Jan-15,149.55,148.8,150,147.2,2.56M,0.81%
22-Jan-15,148.35,147.1,151.4,146.65,3.95M,0.99%
21-Jan-15,146.9,147.3,148.05,146.05,1.61M,-0.34%
20-Jan-15,147.4,149,150,146.8,3.46M,-0.30%
19-Jan-15,147.85,147.15,148.9,144.4,2.86M,0.34%
16-Jan-15,147.35,142.8,148.95,140.8,4.63M,3.08%
15-Jan-15,142.95,136.5,143.7,136.5,3.61M,5.07%
14-Jan-15,136.05,135.8,136.9,134.8,2.22M,0.15%
13-Jan-15,135.85,136.55,137.8,135.25,1.60M,-0.48%
12-Jan-15,136.5,137.6,139.2,135.5,2.06M,-1.41%
9-Jan-15,138.45,138.3,139.5,136.95,1.17M,0.07%
8-Jan-15,138.35,138,138.9,136.25,1.37M,0.44%
7-Jan-15,137.75,135,138.5,133.5,1.83M,1.44%
6-Jan-15,135.8,138.05,138.3,134.15,4.66M,-2.23%
5-Jan-15,138.9,138.5,140.1,136.15,4.10M,0.11%
2-Jan-15,138.75,137.15,139.35,137.15,2.03M,1.20%
1-Jan-15,137.1,138,138.2,136.9,438.10K,-0.65%
31-Dec-14,138,138.3,140.15,137.45,2.23M,0.25%
30-Dec-14,137.65,138,138.5,137.25,1.21M,0.47%
29-Dec-14,137,138,139.25,136.7,799.64K,-0.07%
26-Dec-14,137.1,138.5,139.75,136.5,1.30M,0.59%
24-Dec-14,136.3,138.95,138.95,134.1,4.90M,-1.98%
23-Dec-14,139.05,136.8,139.75,136.45,3.74M,1.61%
22-Dec-14,136.85,135.9,137.25,134.75,2.12M,0.77%
19-Dec-14,135.8,132.65,136.15,130.5,2.73M,3.19%
18-Dec-14,131.6,132.05,133.35,129.55,3.23M,0.46%
17-Dec-14,131,132.6,134.35,129.6,3.80M,-1.54%
16-Dec-14,133.05,133.55,134.85,132.15,2.71M,-1.04%
15-Dec-14,134.45,133.75,135.2,132.95,1.57M,-0.26%
12-Dec-14,134.8,136.1,136.35,133.55,2.71M,-0.85%
11-Dec-14,135.95,137.9,138,134.75,1.81M,-0.95%
10-Dec-14,137.25,134.6,137.8,134.3,2.09M,1.70%
9-Dec-14,134.95,135.4,136.85,134.6,2.71M,-0.66%
8-Dec-14,135.85,136.75,138.3,135.45,1.73M,-0.66%
5-Dec-14,136.75,136.3,138.2,136,3.21M,0.18%
4-Dec-14,136.5,137.1,137.7,135.7,2.54M,-0.51%
3-Dec-14,137.2,138,139.05,136.9,4.85M,-0.62%
2-Dec-14,138.05,138,139.2,137.75,1.32M,-0.22%
1-Dec-14,138.35,141.95,142.9,137.8,1.39M,-3.05%
28-Nov-14,142.7,140.9,143.6,139.45,2.60M,1.39%
27-Nov-14,140.75,139.35,142.3,139.35,2.52M,1.15%
26-Nov-14,139.15,138.5,140.5,138.05,3.23M,0.04%
25-Nov-14,139.1,141,141,135.85,31.24M,-2.35%
24-Nov-14,142.45,144.8,145.5,141.2,3.73M,-2.80%
21-Nov-14,146.55,145.45,147,145.45,3.05M,0.27%
20-Nov-14,146.15,146.2,147,144.25,2.02M,-0.34%
19-Nov-14,146.65,148.75,150,145.25,3.06M,-1.15%
18-Nov-14,148.35,146.95,149.8,146,3.64M,1.09%
17-Nov-14,146.75,144.4,147.05,143.7,2.77M,1.84%
14-Nov-14,144.1,143.85,145.9,143,3.44M,-0.38%
13-Nov-14,144.65,143.95,145.35,143,6.17M,1.19%
12-Nov-14,142.95,146.95,147.6,142.05,3.55M,-3.18%
11-Nov-14,147.65,149,150.9,146.9,4.70M,-0.30%
10-Nov-14,148.1,145,149.4,142.75,5.82M,2.21%
7-Nov-14,144.9,142.1,145.5,142.1,2.52M,1.72%
5-Nov-14,142.45,144.7,145.9,142.05,2.98M,-1.66%
3-Nov-14,144.85,146.5,150,144.55,7.67M,-0.65%
31-Oct-14,145.8,144.45,146.35,143.85,6.83M,0.93%
30-Oct-14,144.45,142,145.2,141.6,8.74M,1.33%
29-Oct-14,142.55,143.4,144,140,7.53M,0.04%
28-Oct-14,142.5,141.75,142.9,139.8,3.94M,0.32%
27-Oct-14,142.05,140.9,145.4,140.15,6.20M,1.57%
23-Oct-14,139.85,140.15,140.5,139.55,195.05K,0.04%
22-Oct-14,139.8,141,141.5,138.95,6.53M,-0.11%
21-Oct-14,139.95,135.75,140.85,135.15,3.77M,3.59%
20-Oct-14,135.1,133.5,136.5,133.5,4.43M,0.75%
17-Oct-14,134.1,134.95,135.5,133.5,3.11M,0.11%
16-Oct-14,133.95,136,136.15,132.5,6.34M,-1.54%
14-Oct-14,136.05,135.15,136.65,134.35,7.97M,0.89%
13-Oct-14,134.85,134.85,136.35,134.55,5.85M,-0.88%
10-Oct-14,136.05,137.5,137.85,135.7,6.54M,-1.45%
9-Oct-14,138.05,138.15,138.9,137.3,5.20M,0.11%
8-Oct-14,137.9,137,138.8,136.8,2.58M,0.47%
7-Oct-14,137.25,135.95,137.75,134.95,4.98M,0.96%
1-Oct-14,135.95,136,138,134.7,4.46M,0.52%
30-Sep-14,135.25,138.95,139.05,134.1,7.29M,-3.08%
29-Sep-14,139.55,137,140.1,136.5,4.54M,1.86%
26-Sep-14,137,136.05,137.4,135.05,2.95M,0.74%
25-Sep-14,136,136,137.05,135.25,9.06M,0.11%
24-Sep-14,135.85,136.1,137.4,135.35,3.63M,-0.48%
23-Sep-14,136.5,137.5,138.4,135.75,5.82M,-0.36%
22-Sep-14,137,136.8,137.4,135.45,3.94M,0.11%
19-Sep-14,136.85,135.75,139.15,135.75,9.63M,0.22%
18-Sep-14,136.55,135.8,137.9,135.15,9.53M,0.29%
17-Sep-14,136.15,136.5,136.6,133.8,2.88M,0.15%
16-Sep-14,135.95,136.25,137.8,134.5,3.62M,-0.59%
15-Sep-14,136.75,134.05,137.3,133.85,2.21M,1.18%
12-Sep-14,135.15,137.3,137.9,134.65,4.23M,-1.96%
11-Sep-14,137.85,136.55,138.2,135.3,3.55M,1.25%
10-Sep-14,136.15,133.75,136.6,133.75,3.15M,1.57%
9-Sep-14,134.05,133.6,135,133.5,3.65M,0.71%
8-Sep-14,133.1,135,135.7,131.75,3.84M,-1.00%
5-Sep-14,134.45,134.65,135.5,133,3.13M,0.22%
4-Sep-14,134.15,132.1,134.5,130.55,4.81M,1.05%
3-Sep-14,132.75,133.15,133.5,131.4,4.62M,0.19%
2-Sep-14,132.5,131.8,133.25,131.25,5.05M,0.08%
1-Sep-14,132.4,128,132.8,127.2,4.08M,2.48%
28-Aug-14,129.2,129.55,130.3,127.45,13.77M,-0.23%
27-Aug-14,129.5,130.7,132.2,127.85,7.98M,-1.15%
26-Aug-14,131,131.95,133,130.4,4.42M,-1.09%
25-Aug-14,132.45,134.2,134.5,132,4.00M,-1.27%
22-Aug-14,134.15,136.5,136.9,133.9,2.23M,-1.69%
21-Aug-14,136.45,136.7,137.1,135.6,2.87M,-0.47%
20-Aug-14,137.1,136.7,137.6,136.3,6.54M,0.40%
19-Aug-14,136.55,135.1,137.9,133.4,4.23M,1.30%
18-Aug-14,134.8,132.6,135.3,132.35,3.18M,1.20%
14-Aug-14,133.2,133.5,134,132.55,2.59M,0.68%
13-Aug-14,132.3,132,134.25,130.85,4.41M,0.04%
12-Aug-14,132.25,132.1,132.9,131.1,2.51M,0.23%
11-Aug-14,131.95,133.8,133.8,130,4.03M,0.04%
8-Aug-14,131.9,133.75,134.15,130.45,3.24M,-1.93%
7-Aug-14,134.5,134.75,136.35,133.85,6.42M,0.34%
6-Aug-14,134.05,131.85,134.9,131.35,5.55M,1.21%
5-Aug-14,132.45,133,134.05,131,9.07M,0.00%
4-Aug-14,132.45,131,134.7,128.35,13.11M,2.04%
1-Aug-14,129.8,133,133,129.25,6.01M,-2.48%
31-Jul-14,133.1,134.2,134.65,132.4,10.73M,-1.19%
30-Jul-14,134.7,133,135.95,133,4.82M,1.13%
28-Jul-14,133.2,135,135.6,132.2,3.03M,-1.19%
25-Jul-14,134.8,134.5,135.6,132.1,4.63M,0.11%
24-Jul-14,134.65,136.2,136.5,134,3.34M,-1.21%
23-Jul-14,136.3,136.45,138.2,135.2,4.09M,0.41%
22-Jul-14,135.75,137,137.8,134.65,3.91M,-0.84%
21-Jul-14,136.9,137.1,138,136.4,2.62M,-0.15%
18-Jul-14,137.1,137.85,138.15,135.9,2.90M,-1.15%
17-Jul-14,138.7,136.05,139.4,135.7,5.02M,1.80%
16-Jul-14,136.25,135.35,137.2,133.3,3.61M,0.81%
15-Jul-14,135.15,134.45,135.9,133.1,5.48M,0.90%
14-Jul-14,133.95,132.7,136.7,131.75,4.45M,0.94%
11-Jul-14,132.7,137.3,138.85,130.7,6.37M,-3.53%
10-Jul-14,137.55,137,139.75,130,10.09M,0.99%
9-Jul-14,136.2,138,139.4,133.8,4.85M,-1.13%
8-Jul-14,137.75,146,146.4,136,8.41M,-5.68%
7-Jul-14,146.05,145.5,146.95,144.05,7.46M,1.28%
4-Jul-14,144.2,140.4,146.3,139.55,6.62M,2.63%
3-Jul-14,140.5,141.75,142,139.15,6.06M,-0.57%
2-Jul-14,141.3,140.6,142.75,140.6,8.79M,0.93%
1-Jul-14,140,140,141.65,138.45,9.95M,0.57%
30-Jun-14,139.2,137.8,140.2,137.3,18.77M,1.94%
27-Jun-14,136.55,133,137.4,131.5,11.99M,3.02%
26-Jun-14,132.55,133.05,133.5,131.6,11.01M,0.11%
25-Jun-14,132.4,132,133.25,131.4,8.10M,0.00%
24-Jun-14,132.4,132.95,133.55,131.9,6.11M,0.76%
23-Jun-14,131.4,132,133.5,130.75,5.60M,-0.68%
20-Jun-14,132.3,131.9,133.35,130.65,5.12M,0.84%
19-Jun-14,131.2,134,135,130.7,2.76M,-2.05%
18-Jun-14,133.95,134,136.5,131.5,7.46M,0.34%
17-Jun-14,133.5,131.05,134.8,131.05,9.43M,1.29%
16-Jun-14,131.8,133,133,129.65,6.49M,-1.20%
13-Jun-14,133.4,137.3,138.5,130,5.87M,-2.24%
12-Jun-14,136.45,133.6,137.55,132.2,8.87M,2.02%
11-Jun-14,133.75,135.95,137.15,131.55,8.17M,-1.62%
10-Jun-14,135.95,139.4,141,134.5,12.92M,-1.02%
9-Jun-14,137.35,128.85,142.6,128.15,23.57M,7.22%
6-Jun-14,128.1,127.9,128.4,126.05,8.41M,0.95%
5-Jun-14,126.9,125.7,128.5,125.5,10.93M,2.13%
4-Jun-14,124.25,125.25,125.9,123.8,13.08M,-0.80%
3-Jun-14,125.25,125,126.55,123.55,10.33M,0.04%
2-Jun-14,125.2,122.3,126.35,122.2,7.52M,2.62%
30-May-14,122,125.5,126.5,120.15,39.33M,-2.44%
29-May-14,125.05,125.85,127,124.4,8.33M,0.16%
28-May-14,124.85,127,127,124.3,7.45M,-1.62%
27-May-14,126.9,125.6,128.5,124,6.24M,-0.98%
26-May-14,128.15,131.7,134.8,123,13.36M,-2.06%
23-May-14,130.85,126,132,120.05,12.90M,4.35%
22-May-14,125.4,124.1,126.95,123.15,9.59M,0.76%
21-May-14,124.45,124,125.85,123,5.75M,-0.36%
20-May-14,124.9,123.95,127.6,122.95,12.68M,2.17%
19-May-14,122.25,120.3,125.2,120.3,14.08M,2.30%
16-May-14,119.5,117.05,125.65,117.05,19.90M,4.41%
15-May-14,114.45,111.55,115.6,108.25,9.88M,2.19%
14-May-14,112,112.95,114,111.5,4.94M,-0.75%
13-May-14,112.85,112.4,115.3,112.1,7.99M,1.21%
12-May-14,111.5,106.45,113,106.45,4.82M,4.35%
9-May-14,106.85,103.8,107.25,103.55,11.14M,3.19%
8-May-14,103.55,103.4,104.7,102.5,3.66M,1.02%
7-May-14,102.5,102.7,103.65,102,3.85M,0.00%
6-May-14,102.5,104.9,105.15,102,2.42M,-2.47%
5-May-14,105.1,104.3,105.6,103.95,1.10M,0.53%
2-May-14,104.55,105.6,106.45,104.1,1.49M,-1.18%
30-Apr-14,105.8,105.75,107.9,104.9,5.38M,0.19%
29-Apr-14,105.6,106.8,107.4,105.15,5.05M,-0.47%
28-Apr-14,106.1,105.25,106.5,104.8,2.36M,0.57%
25-Apr-14,105.5,105.4,106.3,104.6,3.17M,-0.09%
23-Apr-14,105.6,105.9,106.95,105.2,6.24M,-0.33%
22-Apr-14,105.95,106.2,106.5,104.35,4.92M,0.00%
21-Apr-14,105.95,106.8,108.2,105.75,2.78M,-1.17%
17-Apr-14,107.2,107.45,107.5,106.15,6.14M,-0.46%
16-Apr-14,107.7,107.75,108.2,105.7,5.75M,-0.14%
15-Apr-14,107.85,107.25,108.2,106.8,5.06M,0.19%
11-Apr-14,107.65,107.2,107.95,107.15,3.54M,-0.14%
10-Apr-14,107.8,106.9,108.2,106.2,5.32M,0.98%
9-Apr-14,106.75,107.05,107.4,105.55,3.74M,-0.14%
7-Apr-14,106.9,106.7,108.25,105.8,3.51M,0.28%
4-Apr-14,106.6,108.75,108.75,106.35,4.07M,-1.93%
3-Apr-14,108.7,108.1,109.6,106.9,3.58M,0.28%
2-Apr-14,108.4,108.15,109.1,107.25,4.96M,0.37%
1-Apr-14,108,105.5,109.45,105.1,7.48M,2.86%
31-Mar-14,105,107.2,108.3,104.55,3.71M,-2.28%
28-Mar-14,107.45,105.35,108.25,104.8,3.92M,1.85%
27-Mar-14,105.5,104,106.4,104,11.75M,1.44%
26-Mar-14,104,106,106.5,103.6,3.83M,-1.52%
25-Mar-14,105.6,102.6,105.95,102.6,7.95M,2.33%
24-Mar-14,103.2,101,104.2,101,5.60M,1.93%
22-Mar-14,101.25,100.95,101.5,100.7,155.28K,0.40%
21-Mar-14,100.85,99.8,102.85,99.55,12.10M,1.56%
20-Mar-14,99.3,101.7,102.2,99,3.41M,-2.93%
19-Mar-14,102.3,101.35,103.45,101.35,7.27M,0.84%
18-Mar-14,101.45,98.5,101.95,98.5,8.73M,3.15%
14-Mar-14,98.35,98.3,100,98,6.67M,-0.46%
13-Mar-14,98.8,98.55,100,98.1,6.93M,0.30%
12-Mar-14,98.5,98.35,98.75,97.8,8.58M,-0.35%
11-Mar-14,98.85,98.4,99.1,98.15,4.37M,-0.05%
10-Mar-14,98.9,98.75,99.3,97.7,6.49M,-0.10%
7-Mar-14,99,97.25,99.45,97.25,7.36M,1.43%
6-Mar-14,97.6,96.35,98.3,96.15,4.47M,1.30%
5-Mar-14,96.35,96.2,96.65,95.4,3.03M,0.21%
4-Mar-14,96.15,94.2,96.6,93.9,5.29M,1.53%
3-Mar-14,94.7,94.1,95.3,93.85,8.65M,0.21%
28-Feb-14,94.5,95.05,95.4,93.25,15.41M,-0.74%
26-Feb-14,95.2,95.5,96.2,94.85,11.84M,-0.10%
25-Feb-14,95.3,95.1,95.6,94.9,2.28M,0.26%
24-Feb-14,95.05,95.25,95.25,94.05,2.88M,-0.26%
21-Feb-14,95.3,95.25,95.7,95.1,2.51M,0.21%
20-Feb-14,95.1,94.6,95.65,94.25,2.89M,0.21%
19-Feb-14,94.9,95.55,95.85,94.55,1.58M,-0.89%
18-Feb-14,95.75,95.65,96.1,95.5,2.74M,0.21%
17-Feb-14,95.55,95.1,95.85,95.1,2.67M,0.31%
14-Feb-14,95.25,95.2,95.35,94.95,8.30M,0.26%
13-Feb-14,95,95.55,95.9,94.9,3.68M,-0.73%
12-Feb-14,95.7,95.9,96.35,95.35,3.12M,0.10%
11-Feb-14,95.6,97.1,97.4,95.5,2.82M,-1.44%
10-Feb-14,97,97.35,98,96.7,2.13M,-0.51%
7-Feb-14,97.5,96.2,97.85,95.8,3.66M,1.35%
6-Feb-14,96.2,96,96.5,95.25,4.72M,-0.57%
5-Feb-14,96.75,94.7,96.85,94.7,4.57M,1.47%
4-Feb-14,95.35,95.05,96.2,94.8,4.63M,0.16%
3-Feb-14,95.2,95.15,96.65,94.95,2.52M,-0.31%
31-Jan-14,95.5,96,96,95.2,8.49M,-0.10%
30-Jan-14,95.6,95.7,96.3,95,15.92M,-0.10%
29-Jan-14,95.7,96.7,96.95,95.4,2.91M,-0.93%
28-Jan-14,96.6,96.55,97,96.3,4.23M,0.05%
27-Jan-14,96.55,97.4,98.9,95.85,7.11M,-1.58%
24-Jan-14,98.1,97.8,98.7,97.75,6.73M,0.05%
23-Jan-14,98.05,98,98.45,97.6,3.16M,-0.05%
22-Jan-14,98.1,97.9,98.9,97.85,6.93M,0.26%
21-Jan-14,97.85,98.15,98.75,97.7,6.54M,-0.66%
20-Jan-14,98.5,97,98.9,97,7.34M,1.29%
17-Jan-14,97.25,98,98.25,96.7,6.32M,-1.02%
16-Jan-14,98.25,97.9,98.65,97.65,8.53M,0.77%
15-Jan-14,97.5,97.55,99.5,97.1,4.63M,0.05%
14-Jan-14,97.45,97.9,98.5,97.15,3.52M,-0.56%
13-Jan-14,98,96.8,98.4,96.8,6.62M,0.56%
10-Jan-14,97.45,99.5,99.5,96.55,12.19M,-1.42%
9-Jan-14,98.85,98.75,99.5,98.5,7.30M,0.10%
8-Jan-14,98.75,98.55,99.5,98.5,5.99M,-0.05%
7-Jan-14,98.8,99.9,100,98.55,7.17M,-1.10%
6-Jan-14,99.9,101,101,99.1,3.71M,-0.79%
3-Jan-14,100.7,101.9,102.75,100.15,6.03M,-1.18%
2-Jan-14,101.9,100.1,102.4,100,16.72M,2.41%
1-Jan-14,99.5,99.85,99.9,99.15,1.79M,-0.40%
31-Dec-13,99.9,99.1,100,98.85,7.25M,0.91%
30-Dec-13,99,99.4,100.2,98.6,5.93M,-0.80%
27-Dec-13,99.8,99,100.1,98.2,9.71M,0.81%
26-Dec-13,99,98.1,99.6,97.35,32.95M,0.46%
24-Dec-13,98.55,99.5,99.7,98.45,9.37M,-1.15%
23-Dec-13,99.7,99,99.9,98.55,15.62M,0.30%
20-Dec-13,99.4,98.8,100.25,98.25,30.96M,0.15%
19-Dec-13,99.25,97.5,101,96.25,286.17M,-0.75%
18-Dec-13,100,95,101.7,94.75,88.15M,1.32%
17-Dec-13,98.7,98.4,99.25,97.85,10.20M,-0.30%
16-Dec-13,99,97,99.4,96.8,12.26M,1.54%
13-Dec-13,97.5,97.2,98.15,97.05,6.89M,-0.46%
12-Dec-13,97.95,97.7,98.2,97.4,5.58M,-0.05%
11-Dec-13,98,97.5,98.5,97.15,4.21M,-0.41%
10-Dec-13,98.4,101.3,101.5,97,16.16M,-2.86%
9-Dec-13,101.3,99.5,101.85,98.5,17.24M,2.37%
6-Dec-13,98.95,95.95,99.9,95.95,14.61M,2.75%
5-Dec-13,96.3,96.5,96.65,95.15,7.97M,0.73%
4-Dec-13,95.6,93.6,95.9,93.3,12.27M,1.97%
3-Dec-13,93.75,93.5,94,93.2,6.09M,0.16%
2-Dec-13,93.6,92.1,94.7,92.1,6.83M,-1.58%
29-Nov-13,95.1,94.35,95.6,93.4,11.23M,0.42%
28-Nov-13,94.7,92.25,95,91.65,12.34M,2.77%
27-Nov-13,92.15,93.75,94.7,91.85,2.63M,-2.23%
26-Nov-13,94.25,93.75,94.65,93.35,4.32M,0.11%
25-Nov-13,94.15,93.7,94.6,93.7,4.68M,0.27%
22-Nov-13,93.9,93.2,94.2,93.2,4.23M,0.54%
21-Nov-13,93.4,94,94.2,92.7,2.41M,-0.37%
20-Nov-13,93.75,94.6,95.45,93.55,2.82M,-1.37%
19-Nov-13,95.05,95.6,96.35,94.35,3.53M,-1.35%
18-Nov-13,96.35,96.3,96.7,95.7,2.37M,0.36%
14-Nov-13,96,96.1,96.7,95.75,1.31M,0.00%
13-Nov-13,96,94.85,96.25,94.55,2.76M,0.68%
12-Nov-13,95.35,95.95,96.2,94.8,3.21M,-0.63%
11-Nov-13,95.95,95.9,96.4,94.2,4.01M,-0.10%
8-Nov-13,96.05,94.25,96.45,93.65,3.62M,1.05%
7-Nov-13,95.05,95.9,96.25,94.55,5.60M,-1.25%
6-Nov-13,96.25,95.3,96.75,95.3,5.38M,1.16%
5-Nov-13,95.15,97.75,98.05,94.55,9.99M,-2.81%
1-Nov-13,97.9,101.3,101.9,97.6,5.41M,-3.36%
31-Oct-13,101.3,100.95,102.5,98.85,4.64M,1.15%
30-Oct-13,100.15,100.65,100.75,100,1.85M,-0.25%
29-Oct-13,100.4,98.6,100.95,98,3.99M,1.67%
28-Oct-13,98.75,100.3,100.9,98.3,2.97M,-1.45%
25-Oct-13,100.2,99.6,100.75,98.3,2.97M,1.21%
24-Oct-13,99,101,101.55,98.2,4.05M,-1.59%
23-Oct-13,100.6,102.9,103.3,100.3,2.01M,-1.32%
22-Oct-13,101.95,99.3,103.6,99.3,5.19M,2.46%
21-Oct-13,99.5,99.5,99.95,99.05,1.14M,0.00%
18-Oct-13,99.5,98.5,100,97.05,8.83M,1.95%
17-Oct-13,97.6,98.75,99.8,97.05,4.00M,-1.36%
15-Oct-13,98.95,99.65,100.15,98.25,3.69M,-0.60%
14-Oct-13,99.55,99,99.9,98.3,2.02M,0.61%
11-Oct-13,98.95,99.55,99.9,98.65,1.46M,-0.30%
10-Oct-13,99.25,99.05,99.55,98.25,2.28M,0.20%
9-Oct-13,99.05,97.5,99.4,97.5,3.27M,0.81%
8-Oct-13,98.25,98.6,98.8,97.7,3.94M,0.20%
7-Oct-13,98.05,97.55,98.2,96.55,2.05M,0.10%
4-Oct-13,97.95,99.5,99.5,97.7,9.23M,-1.95%
3-Oct-13,99.9,100,100.25,98.6,6.28M,0.91%
1-Oct-13,99,98.25,99.2,97.9,2.26M,0.97%
30-Sep-13,98.05,98.2,98.95,96.75,3.24M,-0.91%
27-Sep-13,98.95,99.3,100.4,98.55,2.57M,-0.35%
26-Sep-13,99.3,100,100.25,98.55,3.82M,-1.19%
25-Sep-13,100.5,99,100.85,98.2,2.90M,1.36%
24-Sep-13,99.15,98.55,99.85,98.05,4.67M,-0.10%
23-Sep-13,99.25,100.1,100.9,98.85,2.10M,-2.31%
20-Sep-13,101.6,100.75,102.55,100.5,8.60M,1.20%
19-Sep-13,100.4,102.8,104.15,99.25,5.74M,0.00%
18-Sep-13,100.4,100.5,101.5,98.9,2.61M,-1.13%
17-Sep-13,101.55,102.05,102.55,98.55,3.33M,-0.98%
16-Sep-13,102.55,99.75,103.95,99.2,7.92M,2.81%
13-Sep-13,99.75,98.5,100.2,98.45,3.56M,0.76%
12-Sep-13,99,99.5,100.65,98.25,3.04M,0.00%
11-Sep-13,99,101.9,102.9,98.05,2.90M,-3.18%
10-Sep-13,102.25,99.25,103.55,99.25,4.91M,3.34%
6-Sep-13,98.95,95.95,100.4,95.1,3.96M,2.86%
5-Sep-13,96.2,97.55,100.45,95,5.48M,-0.16%
4-Sep-13,96.35,94.6,96.9,94.15,2.73M,0.73%
3-Sep-13,95.65,99.5,100,94.15,2.74M,-3.38%
2-Sep-13,99,97.7,99.5,97.2,8.66M,1.38%
30-Aug-13,97.65,96.9,98.35,93.8,4.64M,0.36%
29-Aug-13,97.3,93.75,98.5,93.75,8.74M,3.68%
28-Aug-13,93.85,95,96.8,92.15,6.41M,-1.93%
27-Aug-13,95.7,98,103.25,94.8,7.57M,-2.30%
26-Aug-13,97.95,97.7,98.45,97.2,13.73M,0.15%
23-Aug-13,97.8,97.8,98.2,96.6,10.85M,-0.31%
22-Aug-13,98.1,97,98.75,96.05,6.36M,0.51%
21-Aug-13,97.6,96.95,98.85,96.65,9.85M,1.19%
20-Aug-13,96.45,96.5,97,94.85,3.06M,-0.05%
19-Aug-13,96.5,97.1,97.7,94.75,2.84M,-1.53%
16-Aug-13,98,97.1,99.05,95.5,9.37M,0.93%
14-Aug-13,97.1,96,98.15,95.55,5.10M,0.99%
13-Aug-13,96.15,94.95,96.5,94,1.27M,1.10%
12-Aug-13,95.1,96.5,97.4,94.6,5.32M,-0.94%
8-Aug-13,96,93.8,97,93.5,3.81M,2.89%
7-Aug-13,93.3,94,94.95,92.55,3.22M,-0.27%
6-Aug-13,93.55,93,95.5,92.45,8.09M,0.27%
5-Aug-13,93.3,91.95,94.8,87.7,8.89M,2.13%
2-Aug-13,91.35,99,100.35,86.55,17.45M,-11.18%
1-Aug-13,102.85,100.8,103.95,99,2.50M,1.73%
31-Jul-13,101.1,104.1,105,98.25,3.40M,-4.22%
30-Jul-13,105.55,108.1,108.2,104.65,743.89K,-2.36%
29-Jul-13,108.1,109.2,109.65,107.35,1.16M,-0.23%
26-Jul-13,108.35,110.5,110.75,108.05,3.04M,-1.63%
25-Jul-13,110.15,110.6,111.75,106.3,2.37M,0.14%
24-Jul-13,110,109.1,110.65,108.75,1.46M,-0.14%
23-Jul-13,110.15,112.25,112.25,109.2,3.05M,-0.90%
22-Jul-13,111.15,110.7,111.8,110.3,1.42M,-0.18%
19-Jul-13,111.35,111.8,111.8,110.6,2.56M,0.32%
18-Jul-13,111,110.55,111.7,110.25,3.27M,0.09%
17-Jul-13,110.9,110.1,112.2,109.8,5.56M,0.64%
16-Jul-13,110.2,108.3,110.9,108.3,1.39M,0.14%
15-Jul-13,110.05,109.95,110.95,109.05,1.64M,-0.23%
12-Jul-13,110.3,110.7,110.75,108.05,2.01M,-0.05%
11-Jul-13,110.35,109.95,111.4,109.15,3.25M,2.03%
10-Jul-13,108.15,110.45,111.1,107.85,3.83M,-1.55%
9-Jul-13,109.85,106.3,110,105.85,3.16M,4.32%
8-Jul-13,105.3,107.5,107.5,104.8,2.85M,-2.14%
5-Jul-13,107.6,108,108.9,106.8,1.62M,-0.05%
4-Jul-13,107.65,108.5,109.5,106.25,2.95M,-0.60%
3-Jul-13,108.3,110.75,110.75,107.8,1.80M,-2.74%
2-Jul-13,111.35,112.1,112.8,110.6,2.72M,-1.37%
1-Jul-13,112.9,110.5,113.3,110.5,2.75M,1.44%
28-Jun-13,111.3,107,112.1,107,7.85M,4.46%
27-Jun-13,106.55,106.5,108,105.85,5.69M,0.52%
26-Jun-13,106,102.8,106.4,102.45,5.58M,2.81%
25-Jun-13,103.1,106.2,107,102.05,3.30M,-2.64%
24-Jun-13,105.9,106.6,108.5,105.05,4.35M,-1.21%
21-Jun-13,107.2,105.65,107.65,105,4.56M,1.28%
20-Jun-13,105.85,107.2,107.3,105.55,2.21M,-1.53%
19-Jun-13,107.5,107.95,108.2,106.85,1.78M,-0.83%
18-Jun-13,108.4,108,109.7,107.35,1.46M,0.18%
17-Jun-13,108.2,109.05,109.45,107,990.85K,-0.82%
14-Jun-13,109.1,106.25,109.5,106,3.06M,3.17%
13-Jun-13,105.75,107.25,108.4,105.35,1.87M,-2.08%
12-Jun-13,108,108,109.4,107.2,1.12M,0.14%
11-Jun-13,107.85,109.35,111.85,107.3,2.81M,-1.95%
10-Jun-13,110,111,111.5,109.8,2.35M,-0.59%
7-Jun-13,110.65,111.05,112.7,110.45,1.90M,-1.25%
6-Jun-13,112.05,111.7,112.6,111.7,2.10M,-0.36%
5-Jun-13,112.45,112.55,112.9,111.95,1.65M,-0.66%
4-Jun-13,113.2,111.2,113.85,111.2,3.57M,1.62%
3-Jun-13,111.4,113.35,113.4,110.65,1.31M,-1.68%
31-May-13,113.3,114.95,115,112.65,4.62M,-0.96%
30-May-13,114.4,113.2,115,112.15,2.71M,0.79%
29-May-13,113.5,112.95,113.95,112.2,2.32M,0.89%
28-May-13,112.5,112.35,113.7,111.9,2.22M,0.31%
27-May-13,112.15,109.2,112.7,109,1.11M,2.89%
24-May-13,109,110.8,110.8,108.1,2.42M,-0.55%
23-May-13,109.6,112.15,112.85,109,3.05M,-2.71%
22-May-13,112.65,113,113.1,111.9,2.42M,-0.04%
21-May-13,112.7,114.1,114.9,111.85,2.19M,-1.40%
20-May-13,114.3,116,116.1,114,3.40M,-1.51%
17-May-13,116.05,114,116.9,113.75,2.38M,1.89%
16-May-13,113.9,113.25,115.25,113.2,4.41M,0.13%
15-May-13,113.75,114.6,115.6,113,4.27M,-0.52%
14-May-13,114.35,112.3,115.15,112.3,2.92M,1.92%
13-May-13,112.2,111.6,113,111.4,1.96M,-0.13%
10-May-13,112.35,112.85,114.55,112,1.91M,-1.01%
9-May-13,113.5,115,115.2,112.8,1.93M,-1.09%
8-May-13,114.75,112.65,115.15,112.65,2.60M,1.82%
7-May-13,112.7,111.9,113.75,110.4,2.42M,0.54%
6-May-13,112.1,111.55,112.95,110.8,883.61K,0.09%
3-May-13,112,113.9,115.2,111.65,1.96M,-2.52%
2-May-13,114.9,111.3,115.5,111.25,4.38M,2.41%
30-Apr-13,112.2,110.2,113.15,109.5,3.18M,1.58%
29-Apr-13,110.45,109.55,111.4,109.55,2.96M,0.14%
26-Apr-13,110.3,110.25,110.7,109.5,1.92M,0.41%
25-Apr-13,109.85,109.1,112.3,108,4.00M,0.14%
23-Apr-13,109.7,109,110,108.7,1.66M,0.27%
22-Apr-13,109.4,106.25,110.6,106.25,3.14M,2.24%
18-Apr-13,107,106.15,107.9,105.25,2.86M,0.09%
17-Apr-13,106.9,106.9,108.15,106.25,2.12M,0.00%
16-Apr-13,106.9,104.05,107.9,104,1.43M,2.74%
15-Apr-13,104.05,105,105,103.65,1.47M,-1.37%
12-Apr-13,105.5,103.05,105.85,103.05,1.02M,1.88%
11-Apr-13,103.55,104.8,104.8,103.15,1.87M,-1.00%
10-Apr-13,104.6,103.55,104.8,102.9,1.07M,1.26%
9-Apr-13,103.3,104.55,106.2,102.8,1.29M,-0.82%
8-Apr-13,104.15,105,106,103.5,1.74M,-0.48%
5-Apr-13,104.65,103.75,105,103.75,4.62M,0.14%
4-Apr-13,104.5,105.75,106.45,103.8,2.09M,-1.60%
3-Apr-13,106.2,105.85,106.6,105.55,1.33M,-0.28%
2-Apr-13,106.5,105.95,107.65,105.1,2.62M,0.95%
1-Apr-13,105.5,105.25,106.45,104.75,951.26K,-0.28%
28-Mar-13,105.8,104.95,106.4,104.1,2.55M,0.76%
26-Mar-13,105,103.5,105.3,103.5,2.12M,1.06%
25-Mar-13,103.9,103.4,104.55,103,2.34M,1.42%
22-Mar-13,102.45,101.65,103.2,100.85,4.87M,0.84%
21-Mar-13,101.6,104,105.3,100.85,2.77M,-2.64%
20-Mar-13,104.35,106.55,106.9,103.8,2.83M,-2.57%
19-Mar-13,107.1,108.95,109.4,105.05,2.92M,-1.52%
18-Mar-13,108.75,108.9,109,108.5,2.02M,-0.23%
15-Mar-13,109,109.4,110.05,108.45,2.77M,-0.59%
14-Mar-13,109.65,109.6,110,108.75,2.77M,-0.14%
13-Mar-13,109.8,109.1,110.25,108.8,2.69M,0.50%
12-Mar-13,109.25,110.6,110.6,108.1,3.22M,-1.04%
11-Mar-13,110.4,109.95,110.75,109,2.18M,0.36%
8-Mar-13,110,108.9,110.15,108.05,3.30M,1.66%
7-Mar-13,108.2,107.15,108.8,107.15,2.13M,0.51%
6-Mar-13,107.65,108.6,109,107.35,1.32M,-0.87%
5-Mar-13,108.6,108.55,109,106.5,2.44M,0.14%
4-Mar-13,108.45,108,109.5,106.3,3.28M,0.46%
1-Mar-13,107.95,105.7,109,104.3,5.44M,3.50%
28-Feb-13,104.3,109.6,110,102.05,6.47M,-4.22%
27-Feb-13,108.9,111.5,111.85,108.6,5.38M,-1.85%
26-Feb-13,110.95,111.9,111.9,110.2,9.91M,-0.98%
25-Feb-13,112.05,109.5,112.25,109.25,8.99M,2.75%
22-Feb-13,109.05,107.6,109.5,107,7.91M,2.06%
21-Feb-13,106.85,107.8,108.95,106.35,3.64M,-1.20%
20-Feb-13,108.15,108.5,109.65,107.4,4.48M,-0.23%
19-Feb-13,108.4,108.25,108.65,107.2,4.77M,0.14%
18-Feb-13,108.25,105.25,109.4,105.25,4.68M,2.46%
15-Feb-13,105.65,104.6,106.25,103.5,4.77M,-0.05%
14-Feb-13,105.7,110,110.4,103.85,8.35M,-3.82%
13-Feb-13,109.9,115,115,109.3,4.40M,-2.61%
12-Feb-13,112.85,111.7,115.35,111.4,5.51M,0.27%
11-Feb-13,112.55,111.5,112.75,110.35,2.12M,1.17%
8-Feb-13,111.25,112,112.8,110.6,2.90M,-0.31%
7-Feb-13,111.6,109.5,112.35,109.5,2.85M,2.06%
6-Feb-13,109.35,110.05,110.65,109,1.60M,-0.23%
5-Feb-13,109.6,110.75,110.95,109.2,1.23M,-1.44%
4-Feb-13,111.2,110.55,111.7,110.5,2.33M,0.68%
1-Feb-13,110.45,110.15,111.2,109.9,3.68M,0.23%
31-Jan-13,110.2,111.2,111.95,109.6,5.97M,-1.17%
30-Jan-13,111.5,112,112.8,110.85,3.76M,-0.54%
29-Jan-13,112.1,111.65,113.4,111.2,5.03M,0.18%
28-Jan-13,111.9,111.1,112.25,109.75,2.55M,0.81%
25-Jan-13,111,110.3,111.65,110.3,3.31M,0.05%
24-Jan-13,110.95,112.2,112.55,110.7,4.27M,-1.07%
23-Jan-13,112.15,114,114.6,111.55,2.32M,-1.19%
22-Jan-13,113.5,114.1,115.25,112.8,2.87M,-0.35%
21-Jan-13,113.9,114.35,115.1,113.2,3.24M,-0.91%
18-Jan-13,114.95,112.7,115.45,112,6.43M,2.04%
17-Jan-13,112.65,112.1,113.05,111.25,4.91M,0.54%
16-Jan-13,112.05,111,112.4,110.4,7.16M,0.90%
15-Jan-13,111.05,112.5,113.1,110.85,4.12M,-0.89%
14-Jan-13,112.05,113.1,114.3,111.75,5.83M,-0.97%
11-Jan-13,113.15,114.1,114.2,112.85,3.97M,-0.66%
10-Jan-13,113.9,115.7,116.7,113.5,3.08M,-1.43%
9-Jan-13,115.55,116.75,116.95,115.1,4.62M,-0.77%
8-Jan-13,116.45,114.05,116.75,114,4.02M,1.79%
7-Jan-13,114.4,115,115.15,113.55,3.24M,-0.48%
4-Jan-13,114.95,114.5,115.15,113.55,4.15M,0.70%
3-Jan-13,114.15,113.8,114.75,113.15,4.37M,0.93%
2-Jan-13,113.1,114.1,114.8,112.9,6.09M,-0.66%
1-Jan-13,113.85,115.15,115.6,113.7,3.60M,-0.78%
31-Dec-12,114.75,113.5,115,113.4,859.88K,1.10%
28-Dec-12,113.5,114.4,115.4,112.3,3.62M,0.04%
27-Dec-12,113.45,115.35,116,113.1,4.20M,-1.60%
26-Dec-12,115.3,114.8,116.2,114.6,1.67M,0.79%
24-Dec-12,114.4,114.8,115.95,113.85,1.21M,-0.26%
21-Dec-12,114.7,115.6,115.75,114.5,1.72M,-0.95%
20-Dec-12,115.8,116.9,116.9,115.5,1.19M,-0.34%
19-Dec-12,116.2,117.55,117.7,115.25,3.45M,-0.77%
18-Dec-12,117.1,117,117.9,116.1,2.56M,0.64%
17-Dec-12,116.35,116.3,117.2,115.45,2.20M,0.09%
14-Dec-12,116.25,118.2,118.2,115.75,3.43M,-1.69%
13-Dec-12,118.25,117.9,118.75,117.6,4.35M,0.85%
12-Dec-12,117.25,117.95,118.35,116.8,3.53M,-0.21%
11-Dec-12,117.5,119,119.2,117.3,2.83M,-0.89%
10-Dec-12,118.55,118.8,119.15,118,1.50M,-0.13%
7-Dec-12,118.7,120.3,120.45,118.1,1.78M,-1.12%
6-Dec-12,120.05,120.5,120.6,118.65,2.19M,-0.08%
5-Dec-12,120.15,120.75,121.25,119,4.50M,-0.25%
4-Dec-12,120.45,118.95,121,118.7,4.77M,1.26%
3-Dec-12,118.95,118.15,119.1,117.55,3.26M,0.89%
30-Nov-12,117.9,118.2,118.85,117.3,5.62M,0.00%
29-Nov-12,117.9,118.5,119.05,116.9,8.77M,-0.55%
27-Nov-12,118.55,120.5,120.95,118.25,4.00M,-1.54%
26-Nov-12,120.4,120,120.6,119.05,1.65M,0.54%
23-Nov-12,119.75,119.5,121,118.85,1.58M,0.55%
22-Nov-12,119.1,120.25,120.65,118.7,1.84M,-0.83%
21-Nov-12,120.1,122.1,122.45,119.35,4.53M,-1.64%
20-Nov-12,122.1,120.15,122.45,120.1,3.28M,1.71%
19-Nov-12,120.05,119.1,120.4,118.7,2.63M,0.80%
16-Nov-12,119.1,119.8,119.95,118.3,4.47M,-0.67%
15-Nov-12,119.9,119.1,120.3,118.65,6.34M,-0.08%
12-Nov-12,120,119.65,120.75,119.65,3.37M,0.38%
9-Nov-12,119.55,118.7,120.9,118.4,3.10M,0.59%
8-Nov-12,118.85,118.95,119.3,118.2,1.69M,-0.96%
7-Nov-12,120,119.5,120.6,119,2.64M,0.29%
6-Nov-12,119.65,117.7,119.9,116.5,2.65M,2.22%
5-Nov-12,117.05,117.9,118,116.8,2.04M,-0.81%
2-Nov-12,118,117.6,118.3,117.1,2.66M,0.90%
1-Nov-12,116.95,115.3,117.4,115.3,2.54M,2.59%
31-Oct-12,114,113.65,114.5,113.05,1.04M,0.71%
30-Oct-12,113.2,115.1,115.35,112.8,1.45M,-1.52%
29-Oct-12,114.95,114.15,115.55,114.15,1.19M,0.97%
26-Oct-12,113.85,116.35,116.8,113.5,2.78M,-2.44%
25-Oct-12,116.7,117.8,118,116.1,6.78M,-0.64%
23-Oct-12,117.45,118.15,118.65,117.3,2.21M,-0.97%
22-Oct-12,118.6,118.45,119.2,117.95,2.62M,-0.67%
19-Oct-12,119.4,120,120.5,119,1.77M,-1.00%
18-Oct-12,120.6,120,120.9,119.4,1.42M,0.71%
17-Oct-12,119.75,119.4,120,118.5,1.48M,0.97%
16-Oct-12,118.6,119.1,119.7,118.25,2.25M,-0.21%
15-Oct-12,118.85,119.6,120.95,118.45,4.06M,-0.92%
12-Oct-12,119.95,119,120.4,115,1.60M,0.67%
11-Oct-12,119.15,120,120.6,118.6,3.08M,-0.25%
10-Oct-12,119.45,119.8,120.65,118,4.18M,-0.62%
9-Oct-12,120.2,119.1,120.5,117.85,2.93M,1.26%
8-Oct-12,118.7,118,119.45,117.05,3.83M,0.42%
5-Oct-12,118.2,118.75,119.1,95.2,6.52M,0.17%
4-Oct-12,118,118.3,119,116.5,4.08M,0.30%
3-Oct-12,117.65,120,121,117.3,6.83M,-2.00%
1-Oct-12,120.05,120.05,121,118.8,2.89M,-0.37%
28-Sep-12,120.5,117.5,120.7,117.5,4.98M,3.21%
27-Sep-12,116.75,117.1,118.35,116.05,7.02M,-0.21%
26-Sep-12,117,117,117.95,116.3,5.23M,-0.34%
25-Sep-12,117.4,118.8,119.25,115.6,6.60M,-0.59%
24-Sep-12,118.1,120.2,121.5,117.5,4.27M,-1.79%
21-Sep-12,120.25,117.25,121,117.25,4.90M,3.00%
20-Sep-12,116.75,116,118.2,116,3.54M,-0.76%
18-Sep-12,117.65,117.7,119.8,117,4.73M,0.04%
17-Sep-12,117.6,120.8,121.1,116.95,7.12M,-2.00%
14-Sep-12,120,122,122.85,118.9,7.60M,-0.95%
13-Sep-12,121.15,120.7,122.6,120.5,1.45M,-0.21%
12-Sep-12,121.4,121.5,121.9,120.15,1.60M,0.37%
11-Sep-12,120.95,121.25,121.9,120.2,757.00K,-0.82%
10-Sep-12,121.95,121.35,123,121,1.32M,0.04%
7-Sep-12,121.9,122.5,122.85,121.5,726.99K,0.66%
6-Sep-12,121.1,122.65,122.65,119.3,1.16M,-1.30%
5-Sep-12,122.7,123,124.45,122.25,2.91M,-1.01%
4-Sep-12,123.95,121,124.7,121,4.84M,1.97%
3-Sep-12,121.55,120.1,122,120.05,2.19M,1.76%
31-Aug-12,119.45,121.7,121.7,118.8,3.61M,-1.89%
30-Aug-12,121.75,118.95,123,118.2,5.46M,2.27%
29-Aug-12,119.05,122,122.9,118.3,3.57M,-2.02%
28-Aug-12,121.5,118.5,123,118.2,2.45M,2.70%
27-Aug-12,118.3,116.8,118.7,116.75,729.16K,1.02%
24-Aug-12,117.1,117,118.35,116.2,2.86M,-0.30%
23-Aug-12,117.45,119.25,119.25,116.8,2.62M,-1.26%
22-Aug-12,118.95,118.55,119.6,118.2,1.12M,-0.50%
21-Aug-12,119.55,117.05,120.25,116.55,1.63M,1.61%
17-Aug-12,117.65,120.35,121,116.25,2.31M,-2.04%
16-Aug-12,120.1,120,122.5,118.75,1.89M,0.04%
14-Aug-12,120.05,118.65,120.9,118.65,1.98M,0.13%
13-Aug-12,119.9,119,120.25,118.1,1.56M,0.29%
10-Aug-12,119.55,118.95,121.55,118.2,2.76M,0.42%
9-Aug-12,119.05,119.1,120.25,118.35,2.42M,0.08%
8-Aug-12,118.95,118.75,119.3,118.3,3.25M,0.34%
7-Aug-12,118.55,120.25,120.85,117.8,3.09M,-1.58%
6-Aug-12,120.45,118.95,121.1,118.6,2.24M,1.82%
3-Aug-12,118.3,117.35,119.05,116.7,2.25M,0.17%
2-Aug-12,118.1,118.1,119.25,117.9,2.91M,-0.76%
1-Aug-12,119,118.5,119.5,117.6,2.88M,0.04%
31-Jul-12,118.95,118.2,120.7,118.15,7.33M,0.68%
30-Jul-12,118.15,114.45,118.5,114,5.82M,3.32%
27-Jul-12,114.35,113.3,115,112.1,2.69M,2.33%
26-Jul-12,111.75,110.95,112.5,110.2,5.73M,0.90%
25-Jul-12,110.75,110.65,111.4,108.55,3.45M,-0.18%
24-Jul-12,110.95,109.15,112.35,108.9,4.71M,1.51%
23-Jul-12,109.3,110.65,111,109.05,1.53M,-1.75%
20-Jul-12,111.25,111.3,112.5,110.8,889.52K,-0.67%
19-Jul-12,112,111.95,112.8,111.5,1.22M,0.72%
18-Jul-12,111.2,112.1,112.55,110.75,1.42M,-0.94%
17-Jul-12,112.25,112.8,113.05,111.9,1.35M,-0.36%
16-Jul-12,112.65,111.75,113.2,111.1,1.77M,0.54%
13-Jul-12,112.05,112.6,113,111.75,940.92K,-0.36%
12-Jul-12,112.45,113.6,113.6,112.1,1.53M,-1.06%
11-Jul-12,113.65,112.7,114.5,112.7,1.63M,0.44%
10-Jul-12,113.15,111.9,113.75,111.75,1.80M,0.31%
9-Jul-12,112.8,112.85,113,112.1,1.35M,-0.18%
6-Jul-12,113,114,114.5,112.05,2.14M,-1.14%
5-Jul-12,114.3,113,114.8,112.5,1.59M,1.15%
4-Jul-12,113,111.8,113.4,111.3,1.72M,1.21%
3-Jul-12,111.65,113.3,113.5,111.1,2.30M,-0.84%
2-Jul-12,112.6,113.6,113.95,112.3,1.48M,-0.84%
29-Jun-12,113.55,110.35,114.6,110.3,4.21M,3.51%
28-Jun-12,109.7,110,110.8,108.7,1.73M,-0.09%
27-Jun-12,109.8,110,111.4,109.1,3.22M,-0.05%
26-Jun-12,109.85,107.3,110,107.3,1.12M,1.85%
25-Jun-12,107.85,109.65,110.45,107.25,2.87M,-2.00%
22-Jun-12,110.05,109,110.7,108.75,4.12M,0.27%
21-Jun-12,109.75,107.5,109.9,106.9,2.30M,1.25%
20-Jun-12,108.4,108.35,109.9,108,5.00M,-0.32%
19-Jun-12,108.75,107.05,109.9,106.6,5.48M,1.59%
18-Jun-12,107.05,106.5,107.5,105.7,1.70M,0.94%
15-Jun-12,106.05,106.2,106.75,105.45,5.79M,0.33%
14-Jun-12,105.7,107.05,108.1,105,3.75M,-1.77%
13-Jun-12,107.6,107.5,108.25,106.65,1.40M,-0.05%
12-Jun-12,107.65,106.9,108.15,106.05,1.90M,0.37%
11-Jun-12,107.25,108,108.5,107,1.24M,0.23%
8-Jun-12,107,107.8,108.5,105.75,2.25M,-0.97%
7-Jun-12,108.05,109.65,110.75,107.5,2.38M,-1.46%
6-Jun-12,109.65,106,111.1,106,5.34M,3.49%
5-Jun-12,105.95,104.9,107.2,104.5,6.97M,1.83%
4-Jun-12,104.05,103,104.45,102.1,1.84M,0.39%
1-Jun-12,103.65,105.5,105.9,103,2.13M,-2.36%
31-May-12,106.15,105.15,107,105.05,4.52M,0.05%
30-May-12,106.1,107.25,107.65,105.45,2.28M,-1.16%
29-May-12,107.35,107.7,108.25,105.8,2.93M,0.89%
28-May-12,106.4,103.5,107.35,103.5,501.04K,2.21%
25-May-12,104.1,104.5,105,103.75,813.71K,-1.19%
24-May-12,105.35,104.4,105.8,102.45,1.20M,1.69%
23-May-12,103.6,103.9,104.95,102.25,1.74M,-0.10%
22-May-12,103.7,104.35,104.55,103.1,1.33M,-0.24%
21-May-12,103.95,104.9,105.9,103.25,838.90K,-1.09%
18-May-12,105.1,103.85,106.15,102.55,2.78M,0.33%
17-May-12,104.75,105,106.8,103.85,2.37M,0.19%
16-May-12,104.55,102.3,105.3,101,2.49M,1.60%
15-May-12,102.9,101.1,103.35,100.1,1.97M,1.63%
14-May-12,101.25,101,101.8,100.2,1.26M,-0.10%
11-May-12,101.35,102.5,103,100.2,1.91M,-1.12%
10-May-12,102.5,104.15,105.35,102,2.22M,-1.68%
9-May-12,104.25,105.05,106.25,103.75,1.36M,-1.42%
8-May-12,105.75,105.8,107.15,105.05,1.66M,-0.05%
7-May-12,105.8,106.4,107,103.2,2.57M,-0.89%
4-May-12,106.75,108.1,108.6,106.1,3.19M,-1.75%
3-May-12,108.65,109,109.5,108.15,816.89K,-0.87%
2-May-12,109.6,110.8,111.85,109.1,2.14M,-1.48%
30-Apr-12,111.25,108.1,112.05,108.1,1.80M,2.77%
27-Apr-12,108.25,108.2,110,107.75,1.11M,0.14%
26-Apr-12,108.1,109.35,110.8,107.25,2.46M,-0.32%
25-Apr-12,108.45,109.8,110.45,107.7,1.90M,-1.41%
24-Apr-12,110,111.1,111.5,109.25,1.78M,-0.68%
23-Apr-12,110.75,113.45,114.5,110.2,2.17M,-2.72%
20-Apr-12,113.85,114.2,115.35,113.3,1.56M,-0.70%
19-Apr-12,114.65,113.5,115,113.3,1.40M,0.70%
18-Apr-12,113.85,113.7,115.25,113.2,2.50M,0.22%
17-Apr-12,113.6,111.15,113.9,111,5.33M,1.56%
16-Apr-12,111.85,111.95,112.75,111.25,2.45M,-0.13%
13-Apr-12,112,112,113.3,110.55,3.71M,0.22%
12-Apr-12,111.75,111.65,113.8,111.1,2.87M,0.04%
11-Apr-12,111.7,109.05,112,109.05,2.26M,1.18%
10-Apr-12,110.4,109.7,111.3,109.1,2.59M,0.64%
9-Apr-12,109.7,110.1,110.85,108.55,2.52M,-1.04%
4-Apr-12,110.85,110.05,111.3,109.25,2.17M,0.68%
3-Apr-12,110.1,109.15,110.5,108.5,2.01M,1.38%
2-Apr-12,108.6,108.1,109.35,107.65,4.88M,0.42%
30-Mar-12,108.15,105.8,109.35,105.8,4.81M,2.22%
29-Mar-12,105.8,106.2,106.5,105,6.86M,-0.38%
28-Mar-12,106.2,106.25,106.9,105.25,2.74M,0.43%
27-Mar-12,105.75,107,107.15,104.8,3.28M,-0.19%
26-Mar-12,105.95,107,107.5,105.25,2.69M,-1.62%
23-Mar-12,107.7,106.6,108.2,105.7,2.05M,1.36%
22-Mar-12,106.25,108,108.7,105.3,2.22M,-2.30%
21-Mar-12,108.75,107.4,109.4,106.7,1.93M,1.21%
20-Mar-12,107.45,107.85,108.8,106.5,1.92M,-0.37%
19-Mar-12,107.85,108.2,108.45,105.4,1.85M,0.05%
16-Mar-12,107.8,110.5,112,107.25,2.07M,-2.31%
15-Mar-12,110.35,112.3,113.3,109.75,2.54M,-2.00%
14-Mar-12,112.6,112.25,113.4,111.55,2.47M,1.12%
13-Mar-12,111.35,111.35,112.15,110,5.47M,0.45%
12-Mar-12,110.85,111,111.85,109.85,2.88M,0.64%
9-Mar-12,110.15,109.1,110.75,109.1,2.17M,1.43%
7-Mar-12,108.6,110,110.3,106.8,8.71M,-2.21%
6-Mar-12,111.05,110.3,111.8,109.6,2.56M,0.68%
5-Mar-12,110.3,111.9,112.35,109.15,2.05M,-1.74%
2-Mar-12,112.25,112.35,113,111.3,1.78M,-0.22%
1-Mar-12,112.5,111.85,113.6,111.5,1.56M,-0.44%
29-Feb-12,113,112.25,113.9,112,4.49M,1.07%
28-Feb-12,111.8,112,113.4,110.75,5.30M,0.22%
27-Feb-12,111.55,115,115,111.1,6.34M,-2.41%
24-Feb-12,114.3,113.05,115.2,112.8,6.16M,1.46%
23-Feb-12,112.65,109.6,114.1,109.6,10.13M,2.46%
22-Feb-12,109.95,110.35,112.7,109.7,3.30M,-0.54%
21-Feb-12,110.55,111.55,112,110.25,3.90M,-1.03%
17-Feb-12,111.7,112,113.5,111,4.81M,0.90%
16-Feb-12,110.7,110.3,112.25,109.25,2.17M,0.00%
15-Feb-12,110.7,109.5,113.1,109.3,8.96M,1.19%
14-Feb-12,109.4,109.5,110.25,108.75,3.23M,-0.23%
13-Feb-12,109.65,106.35,110.5,106.35,8.78M,2.14%
10-Feb-12,107.35,107.4,109.25,106,4.83M,-1.33%
9-Feb-12,108.8,110.05,110.5,107.9,6.47M,1.02%
8-Feb-12,107.7,108.6,110.75,106.15,6.47M,-0.05%
7-Feb-12,107.75,109.5,110.25,106.85,3.42M,-1.15%
6-Feb-12,109,107.7,109.5,106.35,5.11M,1.92%
3-Feb-12,106.95,105.55,108.3,105.35,6.71M,1.76%
2-Feb-12,105.1,103.2,106.05,102.65,6.50M,2.09%
1-Feb-12,102.95,104.4,104.4,102.65,6.05M,-1.10%
31-Jan-12,104.1,102,104.8,101.6,5.81M,2.31%
30-Jan-12,101.75,102,103.5,101.25,2.39M,-1.36%
27-Jan-12,103.15,101.5,104.95,101.15,5.52M,2.28%
25-Jan-12,100.85,101.1,101.5,99.55,7.41M,0.30%
24-Jan-12,100.55,100.8,101.5,100.05,5.75M,-0.45%
23-Jan-12,101,102,103.25,100.65,10.44M,-0.44%
20-Jan-12,101.45,100,102.2,99.9,3.87M,1.50%
19-Jan-12,99.95,99.55,101.2,99.1,4.66M,0.86%
18-Jan-12,99.1,100.85,101.25,98.3,3.54M,-1.39%
17-Jan-12,100.5,100.5,101.25,100.1,5.87M,0.35%
16-Jan-12,100.15,100.8,101.95,99.75,2.76M,-1.77%
13-Jan-12,101.95,100.6,102.2,100.5,3.24M,1.39%
12-Jan-12,100.55,101.4,101.4,99.45,2.30M,0.35%
11-Jan-12,100.2,102.7,102.7,99.9,2.46M,-2.34%
10-Jan-12,102.6,101.05,103.3,101.05,1.81M,1.18%
9-Jan-12,101.4,99.1,101.8,99.1,1.33M,1.65%
6-Jan-12,99.75,101.2,101.3,98.85,4.13M,-1.53%
5-Jan-12,101.3,101.45,102.25,100.65,3.03M,-0.20%
4-Jan-12,101.5,100.8,102.3,99.35,2.10M,0.59%
3-Jan-12,100.9,100.35,101.35,100,1.90M,0.90%
2-Jan-12,100,99.65,100.25,98.55,1.05M,-0.10%
30-Dec-11,100.1,100,100.8,99.35,1.17M,0.10%
29-Dec-11,100,100,100.5,99.2,1.65M,-0.20%
28-Dec-11,100.2,99.2,100.95,98.4,1.90M,1.26%
27-Dec-11,98.95,100.75,100.8,97.15,2.36M,-1.88%
26-Dec-11,100.85,100.6,101.1,100.2,716.33K,-0.40%
23-Dec-11,101.25,100.5,101.95,99.55,1.83M,0.60%
22-Dec-11,100.65,97.75,101,97.5,1.94M,2.81%
21-Dec-11,97.9,98.5,98.85,97,5.77M,0.36%
20-Dec-11,97.55,99.45,99.45,96.75,3.75M,-1.61%
19-Dec-11,99.15,96.6,99.85,96.25,2.71M,1.07%
16-Dec-11,98.1,99.25,101.3,96.6,7.08M,-1.26%
15-Dec-11,99.35,94.95,100.35,94.9,7.30M,3.11%
14-Dec-11,96.35,98.95,99.5,96,3.25M,-2.77%
13-Dec-11,99.1,96.4,99.9,95.6,2.24M,2.59%
12-Dec-11,96.6,99,99.4,95.7,4.59M,-1.98%
9-Dec-11,98.55,97.55,98.75,97.1,2.42M,-0.86%
8-Dec-11,99.4,102.95,103.4,99,3.27M,-3.64%
7-Dec-11,103.15,102.05,104.55,101.85,3.36M,0.49%
5-Dec-11,102.65,102.2,103.45,101.85,1.66M,-0.73%
2-Dec-11,103.4,100.05,104,99.9,3.21M,3.40%
1-Dec-11,100,100,102,99.5,2.38M,0.91%
30-Nov-11,99.1,95.45,99.9,95.3,7.66M,4.10%
29-Nov-11,95.2,97.4,97.8,95,3.03M,-1.96%
28-Nov-11,97.1,97.1,97.75,96.2,3.06M,0.73%
25-Nov-11,96.4,95.65,97.2,94.8,4.35M,1.15%
24-Nov-11,95.3,95.9,96.5,94.65,5.70M,0.26%
23-Nov-11,95.05,97.35,97.7,94.15,2.77M,-2.91%
22-Nov-11,97.9,99.5,99.5,97.1,3.23M,-1.16%
21-Nov-11,99.05,99.5,101,98.4,3.22M,-1.88%
18-Nov-11,100.95,103,103.5,98.35,3.92M,-2.13%
17-Nov-11,103.15,103.5,105.35,102.8,2.57M,-1.01%
16-Nov-11,104.2,102.7,105.35,102.7,3.13M,0.58%
15-Nov-11,103.6,104.05,105.65,103.25,1.46M,-1.66%
14-Nov-11,105.35,105.8,107,104.55,4.58M,-0.09%
11-Nov-11,105.45,103.5,105.75,103,4.36M,1.83%
9-Nov-11,103.55,104,104.65,103.4,1.88M,-0.29%
8-Nov-11,103.85,103.85,104,103.4,519.25K,0.00%
4-Nov-11,103.85,105,105,103.4,1.16M,-0.24%
3-Nov-11,104.1,103.5,104.55,103.05,1.51M,0.97%
2-Nov-11,103.1,103,103.95,102.4,1.37M,-0.53%
1-Nov-11,103.65,104.25,105.15,103,1.21M,-1.14%
31-Oct-11,104.85,105,105.6,103.4,2.57M,-0.14%
28-Oct-11,105,105.5,108,103.25,4.78M,1.01%
26-Oct-11,103.95,103.4,104.9,103.4,471.36K,0.05%
25-Oct-11,103.9,100.8,104.75,100.6,4.28M,3.13%
24-Oct-11,100.75,100.25,101.25,100.1,1.88M,1.77%
21-Oct-11,99,98.75,100.1,98.25,1.20M,0.00%
20-Oct-11,99,99.1,99.9,98.7,1.62M,-0.95%
19-Oct-11,99.95,99,100.5,98.45,2.89M,1.83%
18-Oct-11,98.15,97,98.7,97,1.14M,0.31%
17-Oct-11,97.85,98.8,99.2,97.3,903.21K,-1.06%
14-Oct-11,98.9,98.75,100.05,98.55,2.83M,-0.45%
13-Oct-11,99.35,99.1,99.9,98.3,1.99M,0.25%
12-Oct-11,99.1,99.7,99.8,98.1,2.76M,0.41%
11-Oct-11,98.7,98.5,99.05,97.5,2.84M,0.66%
10-Oct-11,98.05,96.6,98.4,96.6,4.68M,0.82%
7-Oct-11,97.25,96.9,98.85,96.5,2.50M,1.41%
5-Oct-11,95.9,96.05,97.05,95.5,1.97M,0.05%
4-Oct-11,95.85,96.8,98.05,95.6,1.54M,-1.54%
3-Oct-11,97.35,97.95,98.15,96.2,4.23M,-1.12%
30-Sep-11,98.45,97,99.1,97,3.91M,1.03%
29-Sep-11,97.45,96.8,98.95,96.15,5.32M,0.10%
28-Sep-11,97.35,96.8,97.6,95.9,2.47M,0.72%
27-Sep-11,96.65,96.45,97.3,95.55,716.13K,1.47%
26-Sep-11,95.25,96.05,96.45,94.55,1.06M,-0.83%
23-Sep-11,96.05,95.5,97.2,94.7,2.03M,-0.21%
22-Sep-11,96.25,98.4,98.45,95.7,2.13M,-3.02%
21-Sep-11,99.25,98.3,99.7,98.15,1.23M,0.46%
20-Sep-11,98.8,97.75,99.9,97.75,2.47M,0.87%
19-Sep-11,97.95,98.4,100.25,97.55,2.09M,-1.71%
16-Sep-11,99.65,96.4,100.25,95.75,3.86M,3.80%
15-Sep-11,96,95.2,96.4,93.9,4.66M,1.11%
14-Sep-11,94.95,95.05,95.35,93.55,2.39M,0.37%
13-Sep-11,94.6,94.85,95.35,94.25,2.27M,0.26%
12-Sep-11,94.35,95.05,95.7,93.5,2.97M,-1.82%
9-Sep-11,96.1,96.1,96.95,95.45,3.82M,-0.10%
8-Sep-11,96.2,97.6,97.8,95.35,3.97M,-0.62%
7-Sep-11,96.8,95.7,97.75,95.6,6.48M,1.52%
6-Sep-11,95.35,96.9,96.9,94.25,8.35M,-1.85%
5-Sep-11,97.15,99.15,99.5,96.7,4.18M,-2.21%
2-Sep-11,99.35,103.2,105,98.35,4.59M,-0.85%
30-Aug-11,100.2,101,101.1,99.25,2.15M,0.25%
29-Aug-11,99.95,97.2,100.15,97,3.57M,2.57%
26-Aug-11,97.45,99.7,100,96.6,5.22M,-2.26%
25-Aug-11,99.7,102.05,102.5,99,7.74M,-2.30%
24-Aug-11,102.05,102.4,102.75,100.3,3.87M,0.84%
23-Aug-11,101.2,103.35,104.4,101,1.60M,-1.94%
22-Aug-11,103.2,101,103.6,99.75,1.72M,2.13%
19-Aug-11,101.05,100,102.55,99.55,2.95M,-1.56%
18-Aug-11,102.65,103.5,103.85,101.65,2.87M,-0.48%
17-Aug-11,103.15,102.7,104.7,102.7,4.18M,-0.43%
16-Aug-11,103.6,104.05,104.9,103.1,2.39M,0.00%
12-Aug-11,103.6,103.75,104.6,103,3.61M,0.58%
11-Aug-11,103,102.35,104.25,102.3,3.54M,-0.53%
10-Aug-11,103.55,102.55,104.4,102.05,2.88M,1.62%
9-Aug-11,101.9,99,103.7,99,4.07M,-0.54%
8-Aug-11,102.45,98.55,103.85,98.4,7.72M,0.15%
5-Aug-11,102.3,100.5,103.7,100.15,6.79M,-2.11%
4-Aug-11,104.5,105.6,106.9,103.8,3.90M,-0.14%
3-Aug-11,104.65,106.55,107.65,103.1,7.20M,-3.06%
2-Aug-11,107.95,107.4,108.3,106.75,1.82M,0.47%
1-Aug-11,107.45,105.1,108.7,105.1,2.63M,2.24%
29-Jul-11,105.1,104,107.65,102.35,5.49M,-0.43%
28-Jul-11,105.55,106.1,107,103.65,7.82M,-1.49%
27-Jul-11,107.15,108.65,109.15,106.5,4.06M,-1.70%
26-Jul-11,109,108,109.85,107.25,3.25M,0.46%
25-Jul-11,108.5,109.4,109.5,107.3,4.18M,-0.96%
22-Jul-11,109.55,108,110.15,107.35,1.90M,1.44%
21-Jul-11,108,109,109.5,107.15,1.69M,-1.05%
20-Jul-11,109.15,109.65,110.45,108.85,2.35M,-0.64%
19-Jul-11,109.85,108.7,110.35,108.6,1.67M,0.46%
18-Jul-11,109.35,110.45,110.9,109.05,1.17M,-0.82%
15-Jul-11,110.25,108.35,112.2,108.35,4.64M,1.05%
14-Jul-11,109.1,109.5,110.3,108.3,5.89M,-1.00%
13-Jul-11,110.2,108.3,111.3,108.2,2.15M,1.85%
12-Jul-11,108.2,107.7,109,106.55,1.66M,0.19%
11-Jul-11,108,108.55,108.8,106.3,1.60M,-1.10%
8-Jul-11,109.2,109.25,110.75,108.85,7.10M,-0.68%
7-Jul-11,109.95,109.5,110.3,108.45,3.29M,0.83%
6-Jul-11,109.05,109.25,109.7,108.55,1.84M,-0.50%
5-Jul-11,109.6,110,110.35,108,6.00M,-0.77%
4-Jul-11,110.45,110.35,111.4,109.7,2.99M,0.18%
1-Jul-11,110.25,110,110.75,109.4,13.47M,0.68%
30-Jun-11,109.5,110,111.5,108.05,17.12M,-0.54%
29-Jun-11,110.1,109.3,110.5,108.9,7.51M,0.92%
28-Jun-11,109.1,109.4,109.9,108.1,7.80M,0.69%
27-Jun-11,108.35,102.25,109.35,102.25,16.80M,4.53%
24-Jun-11,103.65,102,104.15,101.8,3.19M,1.37%
23-Jun-11,102.25,102.05,102.8,101.8,2.11M,-0.05%
22-Jun-11,102.3,101.35,102.4,101.05,1.35M,0.94%
21-Jun-11,101.35,101.8,102.45,100.4,2.88M,-0.59%
20-Jun-11,101.95,102.05,103.7,99.05,3.48M,-0.73%
17-Jun-11,102.7,101.6,103,101.55,1.42M,0.69%
16-Jun-11,102,101.6,102.5,100.85,1.39M,0.20%
15-Jun-11,101.8,103.75,103.85,101.35,1.42M,-1.83%
14-Jun-11,103.7,102.15,104,102.15,2.51M,1.12%
13-Jun-11,102.55,101,103,100.55,1.60M,1.33%
10-Jun-11,101.2,101.5,101.8,100.5,4.31M,-0.30%
9-Jun-11,101.5,101,101.85,100.9,3.93M,0.15%
8-Jun-11,101.35,100.55,101.5,100.35,7.97M,-0.10%
7-Jun-11,101.45,101.15,101.7,100.85,3.67M,-0.05%
6-Jun-11,101.5,100.8,101.75,99.7,2.76M,0.50%
3-Jun-11,101,99.25,101.9,99.25,3.18M,1.76%
2-Jun-11,99.25,100,101.2,99,2.51M,-1.39%
1-Jun-11,100.65,100.55,101.25,99.85,1.01M,-0.40%
31-May-11,101.05,99.2,101.4,99,4.20M,2.07%
30-May-11,99,98,99.25,97.15,4.59M,1.38%
27-May-11,97.65,95.7,97.95,95.7,2.53M,2.20%
26-May-11,95.55,97.5,97.9,95,2.78M,-1.55%
25-May-11,97.05,99,99.45,96.45,3.24M,-1.77%
24-May-11,98.8,99.95,101.4,98.4,5.56M,-0.80%
23-May-11,99.6,100.3,100.3,99,953.39K,-1.39%
20-May-11,101,98.65,101.6,98.35,1.10M,2.18%
19-May-11,98.85,101.4,101.95,98.35,1.42M,-2.47%
18-May-11,101.35,101.8,102.9,101.1,1.86M,-0.15%
17-May-11,101.5,101.8,102.5,101.35,1.15M,-0.29%
16-May-11,101.8,101.6,102.2,101.3,1.49M,0.44%
13-May-11,101.35,101.3,102.7,101.05,1.91M,-0.05%
12-May-11,101.4,104.15,104.15,101.2,1.24M,-2.64%
11-May-11,104.15,102.15,104.5,102.15,2.91M,1.76%
10-May-11,102.35,102.55,103.7,102,718.05K,-0.34%
9-May-11,102.7,103.15,103.8,102.5,1.93M,-0.39%
6-May-11,103.1,102.1,103.65,101.9,1.67M,1.23%
5-May-11,101.85,104,104.3,100.8,2.93M,-2.35%
4-May-11,104.3,103.65,104.6,102.55,2.28M,0.29%
3-May-11,104,106,106.5,103.6,2.14M,-2.26%
2-May-11,106.4,104,106.8,104,3.22M,1.77%
29-Apr-11,104.55,104.05,105.5,103.65,2.03M,0.48%
28-Apr-11,104.05,104.15,104.5,103.65,2.90M,-0.29%
27-Apr-11,104.35,104.5,105,103.75,1.60M,0.05%
26-Apr-11,104.3,105,105.15,103.1,2.47M,-0.24%
25-Apr-11,104.55,104,105.4,104,890.85K,-0.05%
21-Apr-11,104.6,104.25,105,103.8,2.14M,0.34%
20-Apr-11,104.25,104.75,104.75,103.1,2.15M,0.77%
19-Apr-11,103.45,104.75,104.75,103,1.20M,-0.72%
18-Apr-11,104.2,105,106.15,103.85,2.16M,-0.81%
15-Apr-11,105.05,105.05,105.7,104.65,1.53M,-0.19%
13-Apr-11,105.25,103.1,105.8,103.05,3.22M,0.96%
11-Apr-11,104.25,104.05,104.95,103.6,1.55M,-0.62%
8-Apr-11,104.9,105.05,105.45,103.6,1.85M,-0.05%
7-Apr-11,104.95,105.05,106.7,104.4,3.31M,-0.10%
6-Apr-11,105.05,105,106.9,104.65,3.02M,-0.14%
5-Apr-11,105.2,105.5,106.25,104.15,4.36M,-0.66%
4-Apr-11,105.9,104.2,107.25,104.2,5.66M,1.00%
1-Apr-11,104.85,101.35,105.5,101.35,12.44M,2.89%
31-Mar-11,101.9,101,102.85,100.3,8.80M,0.89%
30-Mar-11,101,100,101.35,99.85,2.72M,1.20%
29-Mar-11,99.8,99.1,100.35,98.75,5.05M,0.71%
28-Mar-11,99.1,98.05,99.4,97.9,6.47M,0.97%
25-Mar-11,98.15,98.2,98.4,97.55,4.84M,0.20%
24-Mar-11,97.95,98,98.2,97.15,4.39M,0.51%
23-Mar-11,97.45,97.35,98.35,97.1,3.18M,0.10%
22-Mar-11,97.35,97.9,97.9,96.8,1.99M,-0.05%
21-Mar-11,97.4,97.8,98.1,97.25,1.95M,-0.56%
18-Mar-11,97.95,98.5,99,97.6,4.28M,-0.41%
17-Mar-11,98.35,97.8,98.55,97.8,2.43M,-0.25%
16-Mar-11,98.6,98.05,99,98,2.00M,0.87%
15-Mar-11,97.75,97.85,98.25,97.05,4.12M,-1.06%
14-Mar-11,98.8,97.65,99.1,97.65,2.67M,0.76%
11-Mar-11,98.05,97.5,98.6,97.5,3.46M,-0.36%
10-Mar-11,98.4,98,98.9,97.3,2.79M,0.36%
9-Mar-11,98.05,98,98.5,97.6,2.80M,0.10%
8-Mar-11,97.95,98,98.9,95.7,4.67M,-0.10%
7-Mar-11,98.05,98.9,98.9,96.1,3.85M,-0.96%
4-Mar-11,99,99.3,99.95,98.65,3.26M,-0.30%
3-Mar-11,99.3,98.55,100.9,98.55,6.78M,-0.20%
1-Mar-11,99.5,99.5,100.1,98,12.43M,0.56%
28-Feb-11,98.95,100.3,104.4,97.7,72.11M,-0.25%
25-Feb-11,99.2,98.55,99.85,96.45,17.98M,0.97%
24-Feb-11,98.25,99.5,100,96.9,8.03M,-1.36%
23-Feb-11,99.6,98.5,100.25,98.5,16.05M,1.17%
22-Feb-11,98.45,98.5,98.9,97.8,3.55M,-0.51%
21-Feb-11,98.95,97.05,99,97.05,5.11M,0.87%
18-Feb-11,98.1,98.6,99,97.2,4.49M,-0.51%
17-Feb-11,98.6,98.6,98.95,98.25,1.36M,0.00%
16-Feb-11,98.6,98.45,98.8,98.2,1.73M,-0.15%
15-Feb-11,98.75,98.5,99.25,97.8,3.74M,0.20%
14-Feb-11,98.55,96.55,99.25,96.05,5.31M,2.23%
11-Feb-11,96.4,96.5,97.5,95.75,9.02M,1.05%
10-Feb-11,95.4,95.65,97.25,95.05,8.46M,-0.52%
9-Feb-11,95.9,97,97.2,94.75,8.95M,0.21%
8-Feb-11,95.7,99,99,95.45,3.92M,-2.15%
7-Feb-11,97.8,97.35,98.5,96.5,5.67M,0.51%
4-Feb-11,97.3,98.45,100.2,97.15,7.64M,-1.37%
3-Feb-11,98.65,95.5,98.95,95.05,4.65M,3.24%
2-Feb-11,95.55,96.05,96.5,94.35,5.49M,-0.10%
1-Feb-11,95.65,97,97.6,95.5,3.20M,-0.93%
31-Jan-11,96.55,95.85,98.4,95.2,5.83M,0.00%
28-Jan-11,96.55,98.5,98.8,95.2,6.84M,-2.28%
27-Jan-11,98.8,98.3,99.5,93.15,11.99M,0.41%
25-Jan-11,98.4,99,99.45,98.05,3.25M,-0.15%
24-Jan-11,98.55,98.15,99.25,97.9,5.95M,-0.30%
21-Jan-11,98.85,98.25,99,97.9,4.09M,-0.05%
20-Jan-11,98.9,97,99,97,4.56M,1.02%
19-Jan-11,97.9,97.85,99,97.4,4.60M,-0.76%
18-Jan-11,98.65,97.2,98.9,97.2,4.80M,0.92%
17-Jan-11,97.75,96.5,98,95.65,5.75M,0.15%
14-Jan-11,97.6,96.5,99.15,96.25,7.66M,0.88%
13-Jan-11,96.75,97.2,97.45,96.45,3.29M,-0.51%
12-Jan-11,97.25,96.7,97.45,95.5,3.01M,1.25%
11-Jan-11,96.05,96.8,98,95.2,4.73M,-0.10%
10-Jan-11,96.15,97.8,98.6,95.95,6.61M,-1.74%
7-Jan-11,97.85,99,99.9,97.15,8.87M,-1.16%
6-Jan-11,99,98.2,99.75,97.8,9.52M,0.92%
5-Jan-11,98.1,98.4,98.85,97.7,3.69M,-0.30%
4-Jan-11,98.4,98.45,98.9,97.75,5.56M,0.10%
3-Jan-11,98.3,98.45,98.75,97.85,3.20M,0.00%
31-Dec-10,98.3,96.9,98.5,96.75,6.87M,1.76%
30-Dec-10,96.6,95.7,97.55,94.65,17.97M,0.94%
29-Dec-10,95.7,96.05,96.5,95.5,5.80M,-0.47%
28-Dec-10,96.15,96.5,96.95,95.9,3.42M,-0.57%
27-Dec-10,96.7,97.5,97.8,96.35,3.10M,-1.07%
24-Dec-10,97.75,96.5,98,96.5,2.63M,0.51%
23-Dec-10,97.25,97.55,98.1,97.1,2.59M,-0.71%
22-Dec-10,97.95,97.4,98.3,97.15,6.52M,0.82%
21-Dec-10,97.15,96,98.1,95.9,7.70M,1.36%
20-Dec-10,95.85,95.75,97.1,95.5,6.82M,-0.26%
16-Dec-10,96.1,96.7,96.75,95.35,5.69M,-0.57%
15-Dec-10,96.65,97,97.3,96.25,4.24M,-0.41%
14-Dec-10,97.05,98,98.5,96.75,7.03M,-0.87%
13-Dec-10,97.9,96.1,98.25,95.95,5.75M,1.87%
10-Dec-10,96.1,95.4,96.45,94.6,7.12M,0.52%
9-Dec-10,95.6,97.8,98.25,95,11.06M,-2.30%
8-Dec-10,97.85,98.2,98.75,97.3,4.89M,-1.11%
7-Dec-10,98.95,98.95,99.5,98.1,12.56M,-0.75%
6-Dec-10,99.7,100,100.3,98.8,20.24M,-0.10%
3-Dec-10,99.8,99,100.35,97.25,39.45M,0.81%
2-Dec-10,99,97.4,99.1,96.55,39.26M,2.22%
1-Dec-10,96.85,94.6,97.25,94.4,27.77M,2.00%
30-Nov-10,94.95,93.1,95.1,91.8,31.71M,1.17%
29-Nov-10,93.85,95.75,96,93,26.61M,-2.70%
26-Nov-10,96.45,95.75,96.75,93.45,60.75M,-0.10%
25-Nov-10,96.55,95,97.25,93.3,167.13M,-0.57%
24-Nov-10,97.1,96.5,98.25,96,16.59M,-1.37%
23-Nov-10,98.45,99.1,100.4,97,16.68M,-2.96%
22-Nov-10,101.45,101,101.9,98.7,9.09M,-0.44%
19-Nov-10,101.9,100.5,103.25,100.3,7.40M,0.49%
18-Nov-10,101.4,101.1,102.25,99.45,6.58M,1.25%
16-Nov-10,100.15,101.75,101.75,99.9,3.28M,-1.04%
15-Nov-10,101.2,100,102.8,100,3.81M,1.66%
12-Nov-10,99.55,100.85,101.95,99,4.87M,-1.68%
11-Nov-10,101.25,102,103.7,100.8,5.23M,-0.74%
10-Nov-10,102,104,105.25,101.65,13.02M,-1.73%
9-Nov-10,103.8,98.7,105,98.4,21.12M,5.54%
8-Nov-10,98.35,97.25,99.4,96.3,13.40M,-3.63%
5-Nov-10,102.05,102,102.9,101.2,2.21M,0.54%
