date, value
1/21/2019,62.18
1/18/2019,62.04
1/17/2019,59.85
1/16/2019,59.81
1/15/2019,58.65
1/14/2019,58.8
1/11/2019,59.24
1/10/2019,60.47
1/9/2019,59.46
1/8/2019,56.91
1/7/2019,57.1
1/4/2019,55.64
1/3/2019,53.23
1/2/2019,54.06
12/28/2018,50.57
12/27/2018,51.49
12/21/2018,51.93
12/20/2018,52.84
12/19/2018,55.6
12/18/2018,55.26
12/17/2018,57.59
12/14/2018,58.56
12/13/2018,59.03
12/12/2018,59.94
12/11/2018,59.73
12/10/2018,60.29
12/7/2018,61.71
12/6/2018,57.83
12/5/2018,61.4
12/4/2018,61.22
12/3/2018,60.17
11/30/2018,57.71
11/29/2018,58.29
11/28/2018,57.97
11/27/2018,59.58
11/26/2018,59.7
11/23/2018,57.69
11/22/2018,61.11
11/21/2018,61.65
11/20/2018,61.5
11/19/2018,64.14
11/16/2018,65.29
11/15/2018,65.61
11/14/2018,64.88
11/13/2018,65.45
11/12/2018,69.81
11/9/2018,69.01
11/8/2018,69.29
11/7/2018,70.1
11/6/2018,70.64
11/5/2018,72.68
11/2/2018,71.11
11/1/2018,71.25
10/31/2018,74.84
10/30/2018,75.68
10/29/2018,77.56
10/26/2018,77.4
10/25/2018,77.3
10/24/2018,77.34
10/23/2018,78.67
10/22/2018,80.45
10/19/2018,80.38
10/18/2018,80.3
10/17/2018,79.91
10/16/2018,80.53
10/15/2018,80.91
10/12/2018,80.71
10/11/2018,81.35
10/10/2018,83.82
10/9/2018,85.16
10/8/2018,84.22
10/5/2018,85.12
10/4/2018,86.07
10/3/2018,85.45
10/2/2018,85.63
10/1/2018,84.94
9/28/2018,82.72
9/27/2018,81.54
9/26/2018,81.87
9/25/2018,82.21
9/24/2018,80.89
9/21/2018,78.9
9/20/2018,79.03
9/19/2018,79.43
9/18/2018,79.25
9/17/2018,78.22
9/14/2018,77.87
9/13/2018,77.66
9/12/2018,80.02
9/11/2018,78.22
9/10/2018,76.77
9/7/2018,75.55
9/6/2018,75.67
9/5/2018,76.68
9/4/2018,77.51
9/3/2018,77.81
8/31/2018,76.94
8/30/2018,77.05
8/29/2018,76.07
8/28/2018,75.91
8/27/2018,74.41
8/24/2018,74.41
8/23/2018,73.73
8/22/2018,72.96
8/21/2018,71.65
8/20/2018,71.11
8/17/2018,70.14
8/16/2018,69.21
8/15/2018,68.38
8/14/2018,70.77
8/13/2018,70.62
8/10/2018,71
8/9/2018,70.55
8/8/2018,70.71
8/7/2018,72.31
8/6/2018,72.51
8/3/2018,72.48
8/2/2018,72.95
8/1/2018,72.28
7/31/2018,74.16
7/30/2018,74.99
7/27/2018,74.84
7/26/2018,74.51
7/25/2018,73.67
7/24/2018,73.53
7/23/2018,73.45
7/20/2018,71.99
7/19/2018,71.94
7/18/2018,70.52
7/17/2018,70.87
7/16/2018,71.03
7/13/2018,74.11
7/12/2018,72.11
7/11/2018,75.35
7/10/2018,77.8
7/9/2018,77.08
7/6/2018,74.98
7/5/2018,77.09
7/4/2018,76.99
7/3/2018,75.87
7/2/2018,76.71
6/29/2018,77.44
6/28/2018,76.26
6/27/2018,76.09
6/26/2018,73.58
6/25/2018,72.82
6/22/2018,73.67
6/21/2018,72.87
6/20/2018,74.25
6/19/2018,74.92
6/18/2018,74.87
6/15/2018,72.02
6/14/2018,74.77
6/13/2018,75.07
6/12/2018,74.86
6/11/2018,74.58
6/8/2018,75.11
6/7/2018,75.23
6/6/2018,73.23
6/5/2018,72.91
6/4/2018,73.41
6/1/2018,74.54
5/31/2018,76.45
5/30/2018,75.89
5/29/2018,74.51
5/25/2018,76.6
5/24/2018,78.9
5/23/2018,78.69
5/22/2018,80.42
5/21/2018,78.34
5/18/2018,78.38
5/17/2018,80.09
5/16/2018,78.19
5/15/2018,78.94
5/14/2018,78.17
5/11/2018,77.37
5/10/2018,77.59
5/9/2018,77.6
5/8/2018,74.16
5/4/2018,74.75
5/3/2018,73.45
5/2/2018,73.14
5/1/2018,74.85
4/30/2018,75.92
4/27/2018,75.33
4/26/2018,75.39
4/25/2018,73.79
4/24/2018,75.86
4/23/2018,74.54
4/20/2018,74.62
4/19/2018,74.85
4/18/2018,73.73
4/17/2018,71.71
4/16/2018,72.05
4/13/2018,73.18
4/12/2018,71.44
4/11/2018,72.74
4/10/2018,70.67
4/9/2018,68.19
4/6/2018,66.51
4/5/2018,66.54
4/4/2018,66.04
4/3/2018,69.02
3/29/2018,69.02
3/28/2018,68.13
3/27/2018,68.63
3/26/2018,68.81
3/23/2018,69.03
3/22/2018,68.98
3/21/2018,68.15
3/20/2018,66
3/19/2018,64.82
3/16/2018,64.68
3/15/2018,63.67
3/14/2018,63.61
3/13/2018,64.2
3/12/2018,64.53
3/9/2018,65.19
3/8/2018,63.87
3/7/2018,65.09
3/6/2018,65.67
3/5/2018,65.78
3/2/2018,64.26
3/1/2018,64.23
2/28/2018,66.08
2/27/2018,67.59
2/26/2018,67.96
2/23/2018,67.04
2/22/2018,66.12
2/21/2018,64.81
2/20/2018,64.68
2/19/2018,64.95
2/16/2018,64.3
2/15/2018,62.86
2/14/2018,62.29
2/13/2018,61.94
2/12/2018,62.2
2/9/2018,63.04
2/8/2018,64.26
2/7/2018,65.74
2/6/2018,66.75
2/5/2018,67.69
2/2/2018,67.45
2/1/2018,68.6
1/31/2018,67.78
1/30/2018,67.78
1/29/2018,68.41
1/26/2018,70.08
1/25/2018,71.08
1/24/2018,69.91
1/23/2018,69.81
1/22/2018,69.32
1/19/2018,68.56
1/18/2018,69.48
1/17/2018,69.19
1/16/2018,69.4
1/15/2018,70.31
1/12/2018,69.64
1/11/2018,70.36
1/10/2018,69.79
1/9/2018,69.08
1/8/2018,68.48
1/5/2018,68.01
1/4/2018,68.73
1/3/2018,67.85
1/2/2018,66.65
12/29/2017,66.73
12/28/2017,66.8
12/27/2017,66.03
12/22/2017,64.61
12/21/2017,64.64
12/20/2017,64.43
12/19/2017,63.69
12/18/2017,64.45
12/15/2017,63.81
12/14/2017,63.72
12/13/2017,63.66
12/12/2017,64.96
12/11/2017,65.62
12/8/2017,63.86
12/7/2017,62.37
12/6/2017,62.25
12/5/2017,63.45
12/4/2017,63.45
12/1/2017,64.57
11/30/2017,63.53
11/29/2017,63.74
11/28/2017,63.56
11/27/2017,63.25
11/24/2017,63.58
11/23/2017,63.27
11/22/2017,62.92
11/21/2017,62.28
11/20/2017,61.34
11/17/2017,61.34
11/16/2017,61.18
11/15/2017,61.25
11/14/2017,60.91
11/13/2017,63.16
11/10/2017,63.52
11/9/2017,63.93
11/8/2017,63.49
11/7/2017,63.69
11/6/2017,64.27
11/3/2017,62.07
11/2/2017,60.62
11/1/2017,60.49
10/31/2017,61.37
10/30/2017,60.9
10/27/2017,60.44
10/26/2017,59.3
10/25/2017,58.44
10/24/2017,58.33
10/23/2017,57.37
10/20/2017,57.75
10/19/2017,57.23
10/18/2017,58.15
10/17/2017,57.88
10/16/2017,57.82
10/13/2017,57.17
10/12/2017,56.25
10/11/2017,56.94
10/10/2017,56.61
10/9/2017,55.79
10/6/2017,55.62
10/5/2017,57
10/4/2017,55.8
10/3/2017,56
10/2/2017,56.12
9/29/2017,57.54
9/28/2017,57.41
9/27/2017,57.9
9/26/2017,58.44
9/25/2017,59.02
9/22/2017,56.86
9/21/2017,56.43
9/20/2017,56.29
9/19/2017,55.14
9/18/2017,55.48
9/15/2017,55.62
9/14/2017,55.47
9/13/2017,55.16
9/12/2017,54.27
9/11/2017,53.84
9/8/2017,53.78
9/7/2017,54.49
9/6/2017,54.2
9/5/2017,53.38
9/4/2017,52.34
9/1/2017,52.75
8/31/2017,52.38
8/30/2017,50.86
8/29/2017,52
8/28/2017,51.89
8/25/2017,52.41
8/24/2017,52.04
8/23/2017,52.57
8/22/2017,51.87
8/21/2017,51.66
8/18/2017,52.72
8/17/2017,51.03
8/16/2017,50.27
8/15/2017,50.8
8/14/2017,50.73
8/11/2017,52.1
8/10/2017,51.9
8/9/2017,52.7
8/8/2017,52.14
8/7/2017,52.37
8/4/2017,52.42
8/3/2017,52.01
8/2/2017,52.36
8/1/2017,51.78
7/31/2017,52.65
7/28/2017,52.52
7/27/2017,51.49
7/26/2017,50.97
7/25/2017,50.2
7/24/2017,48.6
7/21/2017,48.06
7/20/2017,49.3
7/19/2017,49.7
7/18/2017,48.84
7/17/2017,48.42
7/14/2017,48.91
7/13/2017,48.42
7/12/2017,47.74
7/11/2017,47.52
7/10/2017,46.88
7/7/2017,46.71
7/6/2017,48.11
7/5/2017,47.79
7/4/2017,49.61
7/3/2017,49.68
6/30/2017,47.92
6/29/2017,47.42
6/28/2017,47.31
6/27/2017,46.65
6/26/2017,45.83
6/23/2017,45.54
6/22/2017,45.22
6/21/2017,44.82
6/20/2017,46.02
6/19/2017,46.91
6/16/2017,47.37
6/15/2017,46.92
6/14/2017,47
6/13/2017,48.72
6/12/2017,48.29
6/9/2017,48.15
6/8/2017,47.86
6/7/2017,48.06
6/6/2017,50.12
6/5/2017,49.47
6/2/2017,49.95
6/1/2017,50.63
5/31/2017,50.31
5/30/2017,51.84
5/29/2017,52.29
5/26/2017,52.15
5/25/2017,51.46
5/24/2017,53.96
5/23/2017,54.15
5/22/2017,53.87
5/19/2017,53.61
5/18/2017,52.51
5/17/2017,52.21
5/16/2017,51.65
5/15/2017,51.82
5/12/2017,50.84
5/11/2017,50.77
5/10/2017,50.22
5/9/2017,48.73
5/8/2017,49.34
5/5/2017,49.1
5/4/2017,48.38
5/3/2017,50.79
5/2/2017,50.46
5/1/2017,51.52
4/28/2017,51.73
4/27/2017,51.44
4/26/2017,51.82
4/25/2017,52.1
4/24/2017,51.6
4/21/2017,51.96
4/20/2017,52.99
4/19/2017,52.93
4/18/2017,54.89
4/17/2017,55.36
4/13/2017,55.89
4/12/2017,55.86
4/11/2017,56.23
4/10/2017,55.98
4/7/2017,55.24
4/6/2017,54.89
4/5/2017,54.36
4/4/2017,54.17
4/3/2017,53.12
3/31/2017,52.83
3/30/2017,52.96
3/29/2017,52.42
3/28/2017,51.33
3/27/2017,50.75
3/24/2017,50.8
3/23/2017,50.56
3/22/2017,50.64
3/21/2017,50.96
3/20/2017,51.62
3/17/2017,51.76
3/16/2017,51.74
3/15/2017,51.81
3/14/2017,50.92
3/13/2017,51.35
3/10/2017,51.37
3/9/2017,52.19
3/8/2017,53.11
3/7/2017,55.92
3/6/2017,56.01
3/3/2017,55.9
3/2/2017,55.08
3/1/2017,56.36
2/28/2017,55.59
2/27/2017,55.93
2/24/2017,55.99
2/23/2017,56.58
2/22/2017,55.84
2/21/2017,56.66
2/20/2017,56.18
2/17/2017,55.81
2/16/2017,55.65
2/15/2017,55.75
2/14/2017,55.97
2/13/2017,55.59
2/10/2017,56.7
2/9/2017,55.63
2/8/2017,55.12
2/7/2017,55.05
2/6/2017,55.72
2/3/2017,56.81
2/2/2017,56.56
2/1/2017,56.8
1/31/2017,55.7
1/30/2017,55.23
1/27/2017,55.52
1/26/2017,56.24
1/25/2017,55.08
1/24/2017,55.44
1/23/2017,55.23
1/20/2017,55.49
1/19/2017,54.16
1/18/2017,53.92
1/17/2017,55.47
1/16/2017,55.86
1/13/2017,55.45
1/12/2017,56.01
1/11/2017,55.1
1/10/2017,53.64
1/9/2017,54.94
1/6/2017,57.1
1/5/2017,56.89
1/4/2017,56.46
1/3/2017,55.47
1/2/2017,56.82
12/30/2016,56.82
12/29/2016,56.14
12/28/2016,56.22
12/27/2016,56.09
12/23/2016,55.16
12/22/2016,55.05
12/21/2016,54.46
12/20/2016,55.35
12/19/2016,54.92
12/16/2016,55.21
12/15/2016,54.02
12/14/2016,53.9
12/13/2016,55.72
12/12/2016,55.69
12/9/2016,54.33
12/8/2016,53.89
12/7/2016,53
12/6/2016,53.93
12/5/2016,54.94
12/2/2016,54.46
12/1/2016,53.94
11/30/2016,50.47
11/29/2016,46.38
11/28/2016,48.24
11/25/2016,47.24
11/24/2016,49
11/23/2016,48.95
11/22/2016,49.12
11/21/2016,48.9
11/18/2016,46.86
11/17/2016,46.49
11/16/2016,46.63
11/15/2016,46.95
11/14/2016,44.43
11/11/2016,44.75
11/10/2016,45.84
11/9/2016,46.36
11/8/2016,46.04
11/7/2016,46.15
11/4/2016,45.58
11/3/2016,46.35
11/2/2016,46.86
11/1/2016,48.14
10/31/2016,48.3
10/28/2016,49.71
10/27/2016,50.47
10/26/2016,49.98
10/25/2016,50.79
10/24/2016,51.46
10/21/2016,51.78
10/20/2016,51.38
10/19/2016,52.67
10/18/2016,51.68
10/17/2016,51.52
10/14/2016,51.95
10/13/2016,52.03
10/12/2016,51.81
10/11/2016,52.41
10/10/2016,53.14
10/7/2016,51.93
10/6/2016,52.51
10/5/2016,51.86
10/4/2016,50.87
10/3/2016,50.89
9/30/2016,49.06
9/29/2016,49.24
9/28/2016,48.69
9/27/2016,45.97
9/26/2016,47.35
9/23/2016,45.89
9/22/2016,47.65
9/21/2016,46.83
9/20/2016,45.88
9/19/2016,45.95
9/16/2016,45.77
9/15/2016,46.59
9/14/2016,45.85
9/13/2016,47.1
9/12/2016,48.32
9/9/2016,48.01
9/8/2016,49.99
9/7/2016,47.98
9/6/2016,47.26
9/5/2016,47.63
9/2/2016,46.83
9/1/2016,45.45
8/31/2016,47.04
8/30/2016,48.37
8/29/2016,49.26
8/26/2016,49.92
8/25/2016,49.67
8/24/2016,49.05
8/23/2016,49.96
8/22/2016,49.16
8/19/2016,50.88
8/18/2016,50.89
8/17/2016,49.85
8/16/2016,49.23
8/15/2016,48.35
8/12/2016,46.97
8/11/2016,46.04
8/10/2016,44.05
8/9/2016,44.98
8/8/2016,45.39
8/5/2016,44.27
8/4/2016,44.29
8/3/2016,43.1
8/2/2016,41.8
8/1/2016,42.14
7/29/2016,42.46
7/28/2016,42.7
7/27/2016,43.47
7/26/2016,44.87
7/25/2016,44.72
7/22/2016,45.69
7/21/2016,46.2
7/20/2016,47.17
7/19/2016,46.66
7/18/2016,46.96
7/15/2016,47.61
7/14/2016,47.37
7/13/2016,46.26
7/12/2016,48.47
7/11/2016,46.25
7/8/2016,46.76
7/7/2016,46.4
7/6/2016,48.8
7/5/2016,47.96
7/4/2016,50.1
7/1/2016,50.35
6/30/2016,49.68
6/29/2016,50.61
6/28/2016,48.58
6/27/2016,47.16
6/24/2016,48.41
6/23/2016,50.91
6/22/2016,49.88
6/21/2016,50.62
6/20/2016,50.65
6/17/2016,49.17
6/16/2016,47.19
6/15/2016,48.97
6/14/2016,49.83
6/13/2016,50.35
6/10/2016,50.54
6/9/2016,51.95
6/8/2016,52.51
6/7/2016,51.44
6/6/2016,50.55
6/3/2016,49.64
6/2/2016,50.04
6/1/2016,49.72
5/31/2016,49.69
5/30/2016,49.76
5/27/2016,49.32
5/26/2016,49.59
5/25/2016,49.74
5/24/2016,48.61
5/23/2016,48.35
5/20/2016,48.72
5/19/2016,48.81
5/18/2016,48.93
5/17/2016,49.28
5/16/2016,48.97
5/13/2016,47.83
5/12/2016,48.08
5/11/2016,47.6
5/10/2016,45.52
5/9/2016,43.63
5/6/2016,45.37
5/5/2016,45.01
5/4/2016,44.62
5/3/2016,44.97
5/2/2016,45.83
4/29/2016,48.13
4/28/2016,48.14
4/27/2016,47.18
4/26/2016,45.74
4/25/2016,44.48
4/22/2016,45.11
4/21/2016,44.53
4/20/2016,45.8
4/19/2016,44.03
4/18/2016,42.91
4/15/2016,43.1
4/14/2016,43.84
4/13/2016,44.18
4/12/2016,44.69
4/11/2016,42.83
4/8/2016,41.94
4/7/2016,39.43
4/6/2016,39.84
4/5/2016,37.87
4/4/2016,37.69
4/1/2016,38.67
3/31/2016,39.6
3/30/2016,39.26
3/29/2016,39.14
3/28/2016,40.27
3/24/2016,40.44
3/23/2016,40.47
3/22/2016,41.79
3/21/2016,41.54
3/18/2016,41.2
3/17/2016,41.54
3/16/2016,40.33
3/15/2016,38.74
3/14/2016,39.53
3/11/2016,40.39
3/10/2016,40.05
3/9/2016,41.07
3/8/2016,39.65
3/7/2016,40.84
3/4/2016,38.72
3/3/2016,37.07
3/2/2016,36.93
3/1/2016,36.81
2/29/2016,35.97
2/26/2016,35.1
2/25/2016,35.29
2/24/2016,34.41
2/23/2016,33.27
2/22/2016,34.69
2/19/2016,33.01
2/18/2016,34.28
2/17/2016,34.5
2/16/2016,32.18
2/15/2016,33.39
2/12/2016,33.36
2/11/2016,30.06
2/10/2016,30.84
2/9/2016,30.32
2/8/2016,32.88
2/5/2016,34.06
2/4/2016,34.46
2/3/2016,35.04
2/2/2016,32.72
2/1/2016,34.24
1/29/2016,34.74
1/28/2016,33.89
1/27/2016,33.1
1/26/2016,31.8
1/25/2016,30.5
1/22/2016,32.18
1/21/2016,29.25
1/20/2016,27.88
1/19/2016,28.76
1/18/2016,28.55
1/15/2016,28.94
1/14/2016,31.03
1/13/2016,30.31
1/12/2016,30.86
1/11/2016,31.55
1/8/2016,33.55
1/7/2016,33.75
1/6/2016,34.23
1/5/2016,36.42
1/4/2016,37.22
12/31/2015,37.28
12/30/2015,36.46
12/29/2015,37.79
12/28/2015,36.62
12/24/2015,37.89
12/23/2015,37.36
12/22/2015,36.11
12/21/2015,36.35
12/18/2015,36.88
12/17/2015,37.06
12/16/2015,37.19
12/15/2015,38.45
12/14/2015,37.92
12/11/2015,37.93
12/10/2015,39.73
12/9/2015,40.11
12/8/2015,40.26
12/7/2015,40.73
12/4/2015,43
12/3/2015,43.84
12/2/2015,42.49
12/1/2015,44.44
11/30/2015,44.61
11/27/2015,44.86
11/26/2015,45.46
11/25/2015,46.17
11/24/2015,46.12
11/23/2015,44.83
11/20/2015,44.66
11/19/2015,44.18
11/18/2015,44.14
11/17/2015,43.57
11/16/2015,44.56
11/13/2015,43.61
11/12/2015,44.06
11/11/2015,45.81
11/10/2015,47.44
11/9/2015,47.19
11/6/2015,47.42
11/5/2015,47.98
11/4/2015,48.58
11/3/2015,50.54
11/2/2015,48.79
10/30/2015,49.56
10/29/2015,48.8
10/28/2015,49.05
10/27/2015,46.81
10/26/2015,47.54
10/23/2015,47.99
10/22/2015,48.08
10/21/2015,47.85
10/20/2015,48.71
10/19/2015,48.61
10/16/2015,50.46
10/15/2015,48.71
10/14/2015,49.15
10/13/2015,49.24
10/12/2015,49.86
10/9/2015,52.65
10/8/2015,53.05
10/7/2015,51.33
10/6/2015,51.92
10/5/2015,49.25
10/2/2015,48.13
10/1/2015,47.69
9/30/2015,48.37
9/29/2015,48.23
9/28/2015,47.34
9/25/2015,48.6
9/24/2015,48.17
9/23/2015,47.75
9/22/2015,49.08
9/21/2015,48.92
9/18/2015,47.47
9/17/2015,49.08
9/16/2015,49.75
9/15/2015,46.63
9/14/2015,46.37
9/11/2015,48.14
9/10/2015,48.89
9/9/2015,47.58
9/8/2015,49.52
9/7/2015,47.63
9/4/2015,49.61
9/3/2015,50.68
9/2/2015,50.5
9/1/2015,49.56
8/31/2015,54.15
8/28/2015,50.05
8/27/2015,47.56
8/26/2015,43.14
8/25/2015,43.21
8/24/2015,42.69
8/21/2015,45.46
8/20/2015,46.62
8/19/2015,47.16
8/18/2015,48.81
8/17/2015,48.74
8/14/2015,49.03
8/13/2015,49.22
8/12/2015,49.66
8/11/2015,49.18
8/10/2015,50.41
8/7/2015,48.61
8/6/2015,49.52
8/5/2015,49.59
8/4/2015,49.99
8/3/2015,49.52
7/31/2015,52.21
7/30/2015,53.31
7/29/2015,53.38
7/28/2015,53.3
7/27/2015,53.47
7/24/2015,54.62
7/23/2015,55.27
7/22/2015,56.13
7/21/2015,57.04
7/20/2015,56.65
7/17/2015,57.1
7/16/2015,57.51
7/15/2015,57.05
7/14/2015,58.51
7/13/2015,57.85
7/10/2015,58.73
7/9/2015,58.61
7/8/2015,57.05
7/7/2015,56.85
7/6/2015,56.54
7/3/2015,60.32
7/2/2015,62.07
7/1/2015,62.01
6/30/2015,63.59
6/29/2015,62.01
6/26/2015,63.26
6/25/2015,63.2
6/24/2015,63.49
6/23/2015,64.45
6/22/2015,63.34
6/19/2015,63.02
6/18/2015,64.26
6/17/2015,63.87
6/16/2015,63.7
6/15/2015,62.61
6/12/2015,63.87
6/11/2015,65.11
6/10/2015,65.7
6/9/2015,64.88
6/8/2015,62.69
6/5/2015,63.31
6/4/2015,62.03
6/3/2015,63.8
6/2/2015,65.49
6/1/2015,64.88
5/29/2015,65.56
5/28/2015,62.58
5/27/2015,62.06
5/26/2015,61.65
5/22/2015,64.7
5/21/2015,64.7
5/20/2015,63.52
5/19/2015,63.48
5/18/2015,65.15
5/15/2015,64.69
5/14/2015,65.58
5/13/2015,66.33
5/12/2015,65.09
5/11/2015,62.82
5/8/2015,63.82
5/7/2015,64.93
5/6/2015,66.22
5/5/2015,65.44
5/4/2015,64.62
5/1/2015,64.13
4/30/2015,63.9
4/29/2015,63.97
4/28/2015,62.61
4/27/2015,62.86
4/24/2015,62.96
4/23/2015,62.66
4/22/2015,60.12
4/21/2015,60.12
4/20/2015,61.2
4/17/2015,61.31
4/16/2015,60.13
4/15/2015,59.32
4/14/2015,57.69
4/13/2015,57.14
4/10/2015,56.82
4/9/2015,56.04
4/8/2015,56.42
4/7/2015,57.55
4/6/2015,55.73
4/2/2015,55.73
4/1/2015,55.73
3/31/2015,53.69
3/30/2015,53.99
3/27/2015,56.44
3/26/2015,57.02
3/25/2015,54.18
3/24/2015,53.61
3/23/2015,53.82
3/20/2015,53.88
3/19/2015,52.96
3/18/2015,52.59
3/17/2015,52.17
3/16/2015,52
3/13/2015,54.8
3/12/2015,56.66
3/11/2015,56.46
3/10/2015,55.95
3/9/2015,58.67
3/6/2015,59.15
3/5/2015,60.33
3/4/2015,59.18
3/3/2015,61.18
3/2/2015,60.75
2/27/2015,61.89
2/26/2015,61.39
2/25/2015,59.77
2/24/2015,60.33
2/23/2015,59.78
2/20/2015,60.99
2/19/2015,58.78
2/18/2015,60.72
2/17/2015,60.78
2/16/2015,61.57
2/13/2015,60.33
2/12/2015,56.23
2/11/2015,53.48
2/10/2015,55.79
2/9/2015,57
2/6/2015,55.88
2/5/2015,55.98
2/4/2015,55.07
2/3/2015,54.41
2/2/2015,51.74
1/30/2015,47.52
1/29/2015,46.61
1/28/2015,47.07
1/27/2015,46.55
1/26/2015,46.07
1/23/2015,46.69
1/22/2015,46.09
1/21/2015,46.5
1/20/2015,46.49
1/16/2015,47.38
1/15/2015,47.66
1/14/2015,45.82
1/13/2015,45.13
1/12/2015,46.9
1/9/2015,47.64
1/8/2015,49.43
1/7/2015,49.06
1/6/2015,50.12
1/5/2015,51.08
1/2/2015,55.38
12/31/2014,55.27
12/30/2014,55.6
12/29/2014,57.86
12/26/2014,58.72
12/24/2014,58.67
12/23/2014,59.07
12/22/2014,58.31
12/19/2014,58.87
12/18/2014,58.81
12/17/2014,59.84
12/16/2014,60.26
12/15/2014,61.09
12/12/2014,61.67
12/11/2014,63.65
12/10/2014,63.32
12/9/2014,66.11
12/8/2014,65.64
12/5/2014,68
12/4/2014,68.48
12/3/2014,70.13
12/2/2014,71.13
12/1/2014,70.87
11/28/2014,71.89
11/26/2014,77.39
11/25/2014,77.62
11/24/2014,79.62
11/21/2014,79.2
11/20/2014,77.61
11/19/2014,77.21
11/18/2014,77.23
11/17/2014,76.86
11/14/2014,77.51
11/13/2014,77.74
11/12/2014,80.42
11/11/2014,80.94
11/10/2014,82.9
11/7/2014,83.2
11/6/2014,82.08
11/5/2014,82.88
11/4/2014,82.12
11/3/2014,84.9
10/31/2014,84.17
10/30/2014,85.5
10/29/2014,86.91
10/28/2014,85.57
10/27/2014,85.64
10/24/2014,86
10/23/2014,85.94
10/22/2014,86.38
10/21/2014,85.17
10/20/2014,84.42
10/17/2014,85.27
10/16/2014,84.02
10/15/2014,84.02
10/14/2014,86.36
10/13/2014,87.82
10/10/2014,88.66
10/9/2014,90.47
10/8/2014,90.25
10/7/2014,90.9
10/6/2014,90.65
10/3/2014,90.8
10/2/2014,91.29
10/1/2014,94.57
9/30/2014,94.67
9/29/2014,95.7
9/26/2014,95.08
9/25/2014,95.2
9/24/2014,94.53
9/23/2014,94.87
9/22/2014,95.37
9/19/2014,96.75
9/18/2014,96.82
9/17/2014,97.7
9/16/2014,97.39
9/15/2014,96.43
9/12/2014,96.31
9/11/2014,96.42
9/10/2014,96.26
9/9/2014,98.08
9/8/2014,99.53
9/5/2014,99.51
9/4/2014,101.21
9/3/2014,100.88
9/2/2014,100.21
8/29/2014,101.12
8/28/2014,100.71
8/27/2014,100.4
8/26/2014,100.5
8/25/2014,100.49
8/22/2014,100.09
8/21/2014,100.28
8/20/2014,99.92
8/19/2014,99.74
8/18/2014,99.37
8/15/2014,101.13
8/14/2014,101.15
8/13/2014,102.27
8/12/2014,101.68
8/11/2014,103.47
8/8/2014,103.36
8/7/2014,104.02
8/6/2014,104.17
8/5/2014,102.82
8/4/2014,103.63
8/1/2014,103.45
7/31/2014,104.94
7/30/2014,106.47
7/29/2014,106.98
7/28/2014,106.7
7/25/2014,106.89
7/24/2014,105.78
7/23/2014,106.85
7/22/2014,106.48
7/21/2014,105.71
7/18/2014,106.03
7/17/2014,106.04
7/16/2014,105.41
7/15/2014,104.73
7/14/2014,104.73
7/11/2014,105.77
7/10/2014,106.2
7/9/2014,106.84
7/8/2014,107.65
7/7/2014,108.7
7/3/2014,108.98
7/2/2014,110.18
7/1/2014,110.84
6/30/2014,111.03
6/27/2014,112.62
6/26/2014,112.61
6/25/2014,112.84
6/24/2014,113.74
6/23/2014,113.62
6/20/2014,114.55
6/19/2014,115.19
6/18/2014,114.25
6/17/2014,114.02
6/16/2014,113.42
6/13/2014,113.15
6/12/2014,112.18
6/11/2014,109.83
6/10/2014,109.18
6/9/2014,110.55
6/6/2014,109.21
6/5/2014,108.43
6/4/2014,109.07
6/3/2014,108.87
6/2/2014,109.34
5/30/2014,109.21
5/29/2014,109.98
5/28/2014,109.09
5/27/2014,109.81
5/26/2014,110.01
5/23/2014,110.19
5/22/2014,110.89
5/21/2014,111.32
5/20/2014,110.35
5/19/2014,110.84
5/16/2014,110.9
5/15/2014,109.74
5/14/2014,109.87
5/13/2014,108.78
5/12/2014,108.37
5/9/2014,108.26
5/8/2014,108.19
5/7/2014,108.17
5/6/2014,108.3
5/5/2014,109.48
5/2/2014,109.48
5/1/2014,108.63
4/30/2014,108.63
4/29/2014,109.89
4/28/2014,109.12
4/25/2014,109.53
4/24/2014,109.79
4/23/2014,108.48
4/22/2014,108.54
4/21/2014,109.69
4/17/2014,109.79
4/16/2014,109.71
4/15/2014,109.1
4/14/2014,107.68
4/11/2014,107.34
4/10/2014,107.1
4/9/2014,107.39
4/8/2014,105.83
4/7/2014,104.89
4/4/2014,106.41
4/3/2014,104.88
4/2/2014,103.37
4/1/2014,105.7
3/31/2014,105.95
3/28/2014,106.64
3/27/2014,106.58
3/26/2014,105.9
3/25/2014,107.01
3/24/2014,106.59
3/21/2014,107.2
3/20/2014,105.73
3/19/2014,105.95
3/18/2014,106.79
3/17/2014,106.99
3/14/2014,108.08
3/13/2014,107.48
3/12/2014,107.88
3/11/2014,108.35
3/10/2014,108.27
3/7/2014,109.14
3/6/2014,107.99
3/5/2014,108.15
3/4/2014,109.17
3/3/2014,111.26
2/28/2014,108.98
2/27/2014,108.54
2/26/2014,109.39
2/25/2014,109.19
2/24/2014,109.76
2/21/2014,109.03
2/20/2014,109.42
2/19/2014,110.37
2/18/2014,110.14
2/14/2014,108.63
2/13/2014,108.98
2/12/2014,108.62
2/11/2014,109.21
2/10/2014,110.18
2/7/2014,110.12
2/6/2014,108.15
2/5/2014,106.81
2/4/2014,107.04
2/3/2014,106.55
1/31/2014,108.16
1/30/2014,109.36
1/29/2014,108.83
1/28/2014,109.1
1/27/2014,108.72
1/24/2014,109.14
1/23/2014,109.69
1/22/2014,109.69
1/21/2014,109.17
1/20/2014,108.01
1/17/2014,108.45
1/16/2014,107.46
1/15/2014,108.09
1/14/2014,107.12
1/13/2014,108.02
1/10/2014,106.44
1/9/2014,107.49
1/8/2014,107.42
1/7/2014,107.01
1/6/2014,106.71
1/3/2014,106.57
1/2/2014,107.94
12/31/2013,109.95
12/30/2013,110.47
12/27/2013,112.06
12/26/2013,111.65
12/24/2013,111.57
12/23/2013,111.58
12/20/2013,112.15
12/19/2013,110.78
12/18/2013,109.56
12/17/2013,108.91
12/16/2013,110.3
12/13/2013,108.08
12/12/2013,108.99
12/11/2013,109.47
12/10/2013,108.91
12/9/2013,110.07
12/6/2013,111.5
12/5/2013,112.07
12/4/2013,113.27
12/3/2013,113.06
12/2/2013,111.49
11/29/2013,111.07
11/27/2013,111.32
11/26/2013,112.04
11/25/2013,110.83
11/22/2013,111.36
11/21/2013,109.9
11/20/2013,108.27
11/19/2013,108.29
11/18/2013,108.8
11/15/2013,108.25
11/14/2013,108.29
11/13/2013,106.9
11/12/2013,106.29
11/11/2013,105.76
11/8/2013,104.29
11/7/2013,103.08
11/6/2013,105.46
11/5/2013,105.01
11/4/2013,104.85
11/1/2013,105.78
10/31/2013,107.53
10/30/2013,108.41
10/29/2013,108.04
10/28/2013,108.29
10/25/2013,105.7
10/24/2013,106.63
10/23/2013,107.74
10/22/2013,109.57
10/21/2013,109.47
10/18/2013,109.4
10/17/2013,109.55
10/16/2013,110.79
10/15/2013,110.67
10/14/2013,110.13
10/11/2013,110.65
10/10/2013,111.63
10/9/2013,109.02
10/8/2013,110.56
10/7/2013,109.66
10/4/2013,109.42
10/3/2013,109.49
10/2/2013,109.09
10/1/2013,107.32
9/30/2013,107.85
9/27/2013,109.45
9/26/2013,108.86
9/25/2013,109.46
9/24/2013,107.68
9/23/2013,108.56
9/20/2013,110.22
9/19/2013,110.66
9/18/2013,109.09
9/17/2013,109.05
9/16/2013,110.86
9/13/2013,113.31
9/12/2013,113.11
9/11/2013,112.37
9/10/2013,112.1
9/9/2013,115.2
9/6/2013,117.15
9/5/2013,115.81
9/4/2013,115.65
9/3/2013,115.49
8/30/2013,115.97
8/29/2013,116.91
8/28/2013,116.27
8/27/2013,115.21
8/26/2013,112.23
8/23/2013,112.12
8/22/2013,110.51
8/21/2013,110.82
8/20/2013,110.74
8/19/2013,111.41
8/16/2013,111.82
8/15/2013,111.58
8/14/2013,110.26
8/13/2013,110.69
8/12/2013,109.28
8/9/2013,108.49
8/8/2013,107.32
8/7/2013,108.39
8/6/2013,108.77
8/5/2013,109.81
8/2/2013,109.63
8/1/2013,109.94
7/31/2013,107.89
7/30/2013,107.47
7/29/2013,108.1
7/26/2013,107.57
7/25/2013,108.1
7/24/2013,108.23
7/23/2013,109.27
7/22/2013,108.82
7/19/2013,109.34
7/18/2013,109.71
7/17/2013,109.67
7/16/2013,109.29
7/15/2013,109.05
7/12/2013,109.03
7/11/2013,108.18
7/10/2013,108.43
7/9/2013,107.9
7/8/2013,107.75
7/5/2013,107.46
7/3/2013,106.12
7/2/2013,103.96
7/1/2013,103.19
6/28/2013,102.49
6/27/2013,102.74
6/26/2013,100.62
6/25/2013,101.51
6/24/2013,99.8
6/21/2013,100.36
6/20/2013,102.72
6/19/2013,105.56
6/18/2013,105.21
6/17/2013,105.8
6/14/2013,105.1
6/13/2013,103.38
6/12/2013,103.11
6/11/2013,101.5
6/10/2013,103.87
6/7/2013,104.07
6/6/2013,103.37
6/5/2013,103.51
6/4/2013,102.04
6/3/2013,101.63
5/31/2013,100.43
5/30/2013,101.79
5/29/2013,102.14
5/28/2013,103.77
5/24/2013,101.24
5/23/2013,100.46
5/22/2013,102.14
5/21/2013,103.1
5/20/2013,104.55
5/17/2013,103.83
5/16/2013,104.27
5/15/2013,101.57
5/14/2013,102.7
5/13/2013,102.17
5/10/2013,101.31
5/9/2013,103.59
5/8/2013,103.79
5/7/2013,105.18
5/6/2013,105
5/3/2013,104.6
5/2/2013,100.32
5/1/2013,98.34
4/30/2013,101.53
4/29/2013,102.88
4/26/2013,102.39
4/25/2013,101.62
4/24/2013,100.71
4/23/2013,99.25
4/22/2013,99.07
4/19/2013,98.94
4/18/2013,97.48
4/17/2013,96.84
4/16/2013,97.88
4/15/2013,99.32
4/12/2013,100.58
4/11/2013,103.62
4/10/2013,104.8
4/9/2013,104.08
4/8/2013,103.16
4/5/2013,103.98
4/4/2013,105.09
4/3/2013,107.82
4/2/2013,109.66
4/1/2013,108.76
3/28/2013,108.46
3/27/2013,108.51
3/26/2013,107.1
3/25/2013,106.66
3/22/2013,106.51
3/21/2013,106.41
3/20/2013,108.27
3/19/2013,106.91
3/18/2013,108.54
3/15/2013,109.32
3/14/2013,108.1
3/13/2013,107.51
3/12/2013,108.48
3/11/2013,108.64
3/8/2013,108.91
3/7/2013,110.42
3/6/2013,110.27
3/5/2013,110.42
3/4/2013,109.9
3/1/2013,110.14
2/28/2013,112.2
2/27/2013,112.24
2/26/2013,112.96
2/25/2013,114.55
2/22/2013,113.74
2/21/2013,114.19
2/20/2013,116.23
2/19/2013,117.04
2/15/2013,117.4
2/14/2013,118.48
2/13/2013,118.43
2/12/2013,117.89
2/11/2013,118.29
2/8/2013,118.9
2/7/2013,117.17
2/6/2013,116.61
2/5/2013,117.03
2/4/2013,116.06
2/1/2013,115.55
1/31/2013,115.55
1/30/2013,115.42
1/29/2013,115.22
1/28/2013,113.92
1/25/2013,113.88
1/24/2013,114.59
1/23/2013,113.68
1/22/2013,112.72
1/18/2013,111.71
1/17/2013,111.01
1/16/2013,110.97
1/15/2013,111.72
1/14/2013,111.32
1/11/2013,110.3
1/10/2013,112.97
1/9/2013,113.07
1/8/2013,113.03
1/7/2013,112.49
1/4/2013,112.58
1/3/2013,113.03
1/2/2013,112.98
12/31/2012,110.8
12/28/2012,110.05
12/27/2012,110.04
12/26/2012,110.72
12/24/2012,108.44
12/21/2012,109.13
12/20/2012,110.57
12/19/2012,109.95
12/18/2012,109.96
12/17/2012,109.35
12/14/2012,109.28
12/13/2012,110.18
12/12/2012,110.17
12/11/2012,107.6
12/10/2012,108.25
12/7/2012,107.16
12/6/2012,108.01
12/5/2012,108.96
12/4/2012,109.99
12/3/2012,111.27
11/30/2012,110.84
11/29/2012,110.47
11/28/2012,108.26
11/27/2012,109.33
11/26/2012,110.18
11/23/2012,110.14
11/21/2012,110.81
11/20/2012,110.01
11/19/2012,110.06
11/16/2012,106.81
11/15/2012,110.07
11/14/2012,109.66
11/13/2012,108.82
11/12/2012,110.23
11/9/2012,108.61
11/8/2012,107.23
11/7/2012,108.21
11/6/2012,109.27
11/5/2012,105.59
11/2/2012,106.79
11/1/2012,108.84
10/31/2012,109.89
10/30/2012,109.4
10/29/2012,109.33
10/26/2012,108.9
10/25/2012,107.64
10/24/2012,107.66
10/23/2012,107.53
10/22/2012,109.62
10/19/2012,111.89
10/18/2012,112.58
10/17/2012,113.49
10/16/2012,115
10/15/2012,115
10/12/2012,115.17
10/11/2012,116.18
10/10/2012,116.11
10/9/2012,114.32
10/8/2012,112.6
10/5/2012,112.17
10/4/2012,110.48
10/3/2012,109.32
10/2/2012,112.49
10/1/2012,112.58
9/28/2012,111.36
9/27/2012,111.45
9/26/2012,108.99
9/25/2012,110.77
9/24/2012,109.2
9/21/2012,111.27
9/20/2012,109.41
9/19/2012,108.49
9/18/2012,113.29
9/17/2012,116.7
9/14/2012,117.48
9/13/2012,116
9/12/2012,114.86
9/11/2012,114.86
9/10/2012,113.84
9/7/2012,113.64
9/6/2012,114.5
9/5/2012,113.32
9/4/2012,114.98
8/31/2012,113.93
8/30/2012,112.28
8/29/2012,112.53
8/28/2012,112.62
8/27/2012,113.74
8/24/2012,115.76
8/23/2012,117.45
8/22/2012,115.77
8/21/2012,116.03
8/20/2012,115.5
8/17/2012,115.2
8/16/2012,116.12
8/15/2012,115.51
8/14/2012,113.9
8/13/2012,114.48
8/10/2012,113.13
8/9/2012,113.52
8/8/2012,113.42
8/7/2012,112.39
8/6/2012,110.01
8/3/2012,109.57
8/2/2012,107.55
8/1/2012,106.78
7/31/2012,105.93
7/30/2012,106.54
7/27/2012,106.3
7/26/2012,104.77
7/25/2012,102.35
7/24/2012,103.57
7/23/2012,103.91
7/20/2012,106.98
7/19/2012,107.79
7/18/2012,105.92
7/17/2012,104.21
7/16/2012,102.1
7/13/2012,101.91
7/12/2012,99.18
7/11/2012,99.23
7/10/2012,99.15
7/9/2012,99.94
7/6/2012,98.5
7/5/2012,101.54
7/3/2012,99.89
7/2/2012,95.28
6/29/2012,94.17
6/28/2012,91.02
6/27/2012,92.06
6/26/2012,90.19
6/25/2012,88.69
6/22/2012,89.22
6/21/2012,89.22
6/20/2012,93.5
6/19/2012,95.14
6/18/2012,95.21
6/15/2012,97.13
6/14/2012,96.46
6/13/2012,97.29
6/12/2012,96.59
6/11/2012,98.6
6/8/2012,97.57
6/7/2012,100.05
6/6/2012,101.14
6/5/2012,98.65
6/4/2012,97.74
6/1/2012,98.63
5/31/2012,103.86
5/30/2012,103.85
5/29/2012,107.55
5/25/2012,107.86
5/24/2012,107.2
5/23/2012,106.88
5/22/2012,109.76
5/21/2012,109.02
5/18/2012,108.03
5/17/2012,109.31
5/16/2012,109.8
5/15/2012,111.4
5/14/2012,110.79
5/11/2012,112.5
5/10/2012,112.24
5/9/2012,111.89
5/8/2012,110.48
5/4/2012,111.66
5/3/2012,115.91
5/2/2012,117.57
5/1/2012,119.57
4/30/2012,118.66
4/27/2012,119.3
4/26/2012,119.33
4/25/2012,117.45
4/24/2012,117.74
4/23/2012,116.66
4/20/2012,118.08
4/19/2012,117
4/18/2012,115.18
4/17/2012,117.41
4/16/2012,118.23
4/13/2012,120.62
4/12/2012,120.57
4/11/2012,120.41
4/10/2012,121.89
4/5/2012,123.58
4/4/2012,123.04
4/2/2012,124.44
3/30/2012,123.41
3/29/2012,123.23
3/28/2012,124.41
3/27/2012,125.25
3/26/2012,125.85
3/23/2012,125.21
3/22/2012,122.49
3/21/2012,123.89
3/20/2012,124.38
3/19/2012,125.76
3/16/2012,125.09
3/15/2012,123.63
3/14/2012,126.98
3/13/2012,128.14
3/12/2012,127.27
3/9/2012,128.08
3/8/2012,127.96
3/7/2012,125.37
3/6/2012,125.03
3/5/2012,126.68
3/2/2012,125.93
3/1/2012,125.76
2/29/2012,122.23
2/28/2012,124.02
2/27/2012,126.46
2/24/2012,124.89
2/23/2012,124.53
2/22/2012,123.07
2/21/2012,120.85
2/17/2012,120.69
2/16/2012,121
2/15/2012,120.25
2/14/2012,118.3
2/13/2012,118.73
2/10/2012,118.13
2/9/2012,118.4
2/8/2012,117.18
2/7/2012,116.86
2/6/2012,115.47
2/3/2012,112.56
2/2/2012,110.96
2/1/2012,111.96
1/31/2012,110.26
1/30/2012,110.24
1/27/2012,110.5
1/26/2012,109.08
1/25/2012,108.48
1/24/2012,108.38
1/23/2012,109.46
1/20/2012,108.5
1/19/2012,109.54
1/18/2012,109.81
1/17/2012,110.55
1/13/2012,109.88
1/12/2012,112.97
1/11/2012,111.66
1/10/2012,113.3
1/9/2012,111.07
1/6/2012,111.96
1/5/2012,113.59
1/4/2012,113.37
1/3/2012,111.12
12/30/2011,108.09
12/29/2011,106.89
12/28/2011,107.54
12/23/2011,109.28
12/22/2011,108.98
12/21/2011,108
12/20/2011,107.8
12/19/2011,104.55
12/16/2011,104
12/15/2011,104.52
12/14/2011,105.72
12/13/2011,109.25
12/12/2011,107.82
12/9/2011,107.91
12/8/2011,108.23
12/7/2011,110.07
12/6/2011,110.16
12/5/2011,110.18
12/2/2011,109.59
12/1/2011,108.83
11/30/2011,111.22
11/29/2011,111.25
11/28/2011,109.38
11/25/2011,106.08
11/23/2011,106.83
11/22/2011,107.77
11/21/2011,105.98
11/18/2011,107.82
11/17/2011,109.25
11/16/2011,111.91
11/15/2011,111.9
11/14/2011,112.57
11/11/2011,114.43
11/10/2011,113.32
11/9/2011,115.29
11/8/2011,115.61
11/7/2011,114.75
11/4/2011,112.22
11/3/2011,110.76
11/2/2011,110.82
11/1/2011,106.97
10/31/2011,108.43
10/28/2011,110.01
10/27/2011,112.45
10/26/2011,110.43
10/25/2011,112.11
10/24/2011,111.67
10/21/2011,111.6
10/20/2011,109
10/19/2011,111.76
10/18/2011,112.08
10/17/2011,112.92
10/14/2011,114.33
10/13/2011,112.45
10/12/2011,112.44
10/11/2011,109.22
10/10/2011,109.49
10/7/2011,106.56
10/6/2011,104.38
10/5/2011,103.77
10/4/2011,101.84
10/3/2011,103.61
9/30/2011,105.42
9/29/2011,107.08
9/28/2011,108.52
9/27/2011,109.54
9/26/2011,107.9
9/23/2011,109.17
9/22/2011,109.21
9/21/2011,114.26
9/20/2011,114.39
9/19/2011,112.89
9/16/2011,116.26
9/15/2011,116.71
9/14/2011,113.1
9/13/2011,114.08
9/12/2011,114.75
9/9/2011,115.1
9/8/2011,117.99
9/7/2011,117.5
9/6/2011,113.29
9/2/2011,115.92
9/1/2011,116.43
8/31/2011,116.48
8/30/2011,115.59
8/26/2011,112.29
8/25/2011,111.91
8/24/2011,111.91
8/23/2011,110.35
8/22/2011,108.83
8/19/2011,109.37
8/18/2011,108.36
8/17/2011,111.37
8/16/2011,109.69
8/15/2011,108.89
8/12/2011,108.17
8/11/2011,107.82
8/10/2011,103.84
8/9/2011,103.63
8/8/2011,103.06
8/5/2011,106.92
8/4/2011,110.22
8/3/2011,113.74
8/2/2011,116.02
8/1/2011,116.37
7/29/2011,115.93
7/28/2011,118.16
7/27/2011,117.99
7/26/2011,118.14
7/25/2011,118.27
7/22/2011,118.99
7/21/2011,118.25
7/20/2011,118.52
7/19/2011,118.18
7/18/2011,117.05
7/15/2011,118.06
7/14/2011,117.38
7/13/2011,118.46
7/12/2011,117.36
7/11/2011,117.35
7/8/2011,117.4
7/7/2011,117.4
7/6/2011,113.55
7/5/2011,113.21
7/1/2011,109.82
6/30/2011,111.71
6/29/2011,111.49
6/28/2011,107.57
6/27/2011,104.57
6/24/2011,104.79
6/23/2011,108.27
6/22/2011,113.59
6/21/2011,112.02
6/20/2011,112.21
6/17/2011,113.74
6/16/2011,114.69
6/15/2011,114.67
6/14/2011,120.35
6/13/2011,120.49
6/10/2011,118.71
6/9/2011,119.95
6/8/2011,118.43
6/7/2011,116.14
6/6/2011,115.4
6/3/2011,115.09
6/2/2011,114.3
6/1/2011,116.15
5/31/2011,117.18
5/27/2011,114.85
5/26/2011,115.06
5/25/2011,114.47
5/24/2011,112.52
5/23/2011,110.13
5/20/2011,111.25
5/19/2011,113.2
5/18/2011,112.54
5/17/2011,109.39
5/16/2011,113.72
5/13/2011,113.08
5/12/2011,112.87
5/11/2011,115.66
5/10/2011,117.82
5/9/2011,113.21
5/6/2011,113.69
5/5/2011,111.93
5/4/2011,121.55
5/3/2011,124.01
5/2/2011,126.64
4/28/2011,126.59
4/27/2011,124.94
4/26/2011,124.55
4/21/2011,123.64
4/20/2011,124.26
4/19/2011,121.35
4/18/2011,121.69
4/15/2011,124.63
4/14/2011,122.74
4/13/2011,122.7
4/12/2011,121.33
4/11/2011,126.46
4/8/2011,126.3
4/7/2011,122.9
4/6/2011,123.01
4/5/2011,122.87
4/4/2011,120.07
4/1/2011,118.63
3/31/2011,116.94
3/30/2011,115.35
3/29/2011,115.58
3/28/2011,115.95
3/25/2011,115.45
3/24/2011,115.41
3/23/2011,115.65
3/22/2011,115.63
3/21/2011,114.92
3/18/2011,114.13
3/17/2011,114.18
3/16/2011,110.96
3/15/2011,111.11
3/14/2011,112.95
3/11/2011,114.07
3/10/2011,114.07
3/9/2011,115.19
3/8/2011,112.32
3/7/2011,116.58
3/4/2011,115.71
3/3/2011,114.42
3/2/2011,116.89
3/1/2011,113.34
2/28/2011,112.27
2/25/2011,111.47
2/24/2011,113.91
2/23/2011,109.77
2/22/2011,106.82
2/18/2011,102.2
2/17/2011,103.45
2/16/2011,102.78
2/15/2011,102.48
2/14/2011,103.12
2/11/2011,99.93
2/10/2011,100.74
2/9/2011,100.16
2/8/2011,99.25
2/7/2011,99.44
2/4/2011,99.43
2/3/2011,101.69
2/2/2011,101.3
2/1/2011,100.4
1/31/2011,98.97
1/28/2011,97.06
1/27/2011,96.48
1/26/2011,96.04
1/25/2011,96.76
1/24/2011,96.76
1/21/2011,96.84
1/20/2011,96.27
1/19/2011,98.42
1/18/2011,97.83
1/14/2011,97.86
1/13/2011,97.86
1/12/2011,97.86
1/11/2011,96.8
1/10/2011,95.05
1/7/2011,94.25
1/6/2011,94.95
1/5/2011,95.07
1/4/2011,93.52
1/3/2011,95.82
12/31/2010,93.23
12/30/2010,92.5
12/29/2010,93.52
12/28/2010,93.52
12/27/2010,93.08
12/23/2010,93.63
12/22/2010,93.55
12/21/2010,93.11
12/20/2010,91.31
12/17/2010,91.11
12/16/2010,91.09
12/15/2010,91.33
12/14/2010,90.63
12/13/2010,90.4
12/10/2010,89.54
12/9/2010,89.93
12/8/2010,89.74
12/7/2010,90.78
12/6/2010,91.25
12/3/2010,90.65
12/2/2010,89.37
12/1/2010,88.56
11/30/2010,86.02
11/29/2010,85.9
11/26/2010,84.78
11/24/2010,84.53
11/23/2010,82.37
11/22/2010,82.34
11/19/2010,83.17
11/18/2010,83.7
11/17/2010,83.36
11/16/2010,83.98
11/15/2010,85.49
11/12/2010,86.07
11/11/2010,88.08
11/10/2010,87.92
11/9/2010,87.93
11/8/2010,87.15
11/5/2010,87.05
11/4/2010,86.83
11/3/2010,85.33
11/2/2010,84.71
11/1/2010,84.06
10/29/2010,82.47
10/28/2010,82.97
10/27/2010,81.27
10/26/2010,82.62
10/25/2010,81.91
10/22/2010,80.75
10/21/2010,81.28
10/20/2010,81.68
10/19/2010,81.12
10/18/2010,82.3
10/15/2010,81.94
10/14/2010,83.55
10/13/2010,84.01
10/12/2010,82.99
10/11/2010,83.08
10/8/2010,83.88
10/7/2010,83.67
10/6/2010,85.01
10/5/2010,83.35
10/4/2010,83.42
10/1/2010,82.69
9/30/2010,80.77
9/29/2010,78.79
9/28/2010,79.14
9/27/2010,77.71
9/24/2010,78.73
9/23/2010,77.69
9/22/2010,77.29
9/21/2010,78.76
9/20/2010,79.42
9/17/2010,77.43
9/16/2010,78.89
9/15/2010,78.46
9/14/2010,78.89
9/13/2010,78.52
9/10/2010,77.54
9/9/2010,77.87
9/8/2010,77.48
9/7/2010,75.78
9/3/2010,75.03
9/2/2010,74.93
9/1/2010,75.53
8/31/2010,75.51
8/30/2010,76.05
8/27/2010,75.16
8/26/2010,74.5
8/25/2010,70.74
8/24/2010,70.61
8/23/2010,73.08
8/20/2010,73.48
8/19/2010,74.84
8/18/2010,75.1
8/17/2010,76.74
8/16/2010,74.56
8/13/2010,75.14
8/12/2010,76.63
8/11/2010,77.83
8/10/2010,79.89
8/9/2010,81.54
8/6/2010,81.28
8/5/2010,82.9
8/4/2010,83.76
8/3/2010,83.6
8/2/2010,81.93
7/30/2010,77.5
7/29/2010,78.6
7/28/2010,76.66
7/27/2010,75.52
7/26/2010,77.9
7/23/2010,77.27
7/22/2010,77.59
7/21/2010,75.75
7/20/2010,76.31
7/19/2010,76.29
7/16/2010,75.55
7/15/2010,75.52
7/14/2010,76.63
7/13/2010,76.45
7/12/2010,74.35
7/9/2010,75.2
7/8/2010,74.56
7/7/2010,72.97
7/6/2010,73.08
7/2/2010,71.75
7/1/2010,71.73
6/30/2010,74.94
6/29/2010,74.21
6/28/2010,76.66
6/25/2010,76.21
6/24/2010,75.17
6/23/2010,75.22
6/22/2010,78.08
6/21/2010,78.53
6/18/2010,77.05
6/17/2010,77.52
6/16/2010,76.12
6/15/2010,75.29
6/14/2010,75.11
6/11/2010,73.28
6/10/2010,74.33
6/9/2010,73.68
6/8/2010,71.43
6/7/2010,71.09
6/4/2010,71.84
6/3/2010,73.12
6/2/2010,72.78
6/1/2010,73.08
5/28/2010,73
5/27/2010,73.56
5/26/2010,70.59
5/25/2010,67.18
5/24/2010,69.62
5/21/2010,70.45
5/20/2010,69.56
5/19/2010,71.86
5/18/2010,75.12
5/17/2010,73.87
5/14/2010,76.43
5/13/2010,79.41
5/12/2010,78.7
5/11/2010,79
5/10/2010,78.08
5/7/2010,76.48
5/6/2010,80.21
5/5/2010,82.31
5/4/2010,85.39
5/3/2010,88.09
4/30/2010,86.19
4/29/2010,86.82
4/28/2010,84.59
4/27/2010,85.59
4/26/2010,86.72
4/23/2010,86.09
4/22/2010,84.58
4/21/2010,84.55
4/20/2010,84.73
4/19/2010,83.09
4/16/2010,84.81
4/15/2010,86.9
4/14/2010,85.81
4/13/2010,83.44
4/12/2010,85.21
4/9/2010,82.77
4/8/2010,82.63
4/7/2010,84.49
4/6/2010,85.05
4/5/2010,84.48
4/1/2010,82.63
3/31/2010,80.37
3/30/2010,79.46
3/29/2010,79.89
3/26/2010,77.98
3/25/2010,78.64
3/24/2010,78.03
3/23/2010,79.17
3/22/2010,78.09
3/19/2010,78.37
3/18/2010,80.09
3/17/2010,80.28
3/16/2010,79.45
3/15/2010,77.08
3/12/2010,79.38
3/11/2010,79.44
3/10/2010,80.29
3/9/2010,78.77
3/8/2010,78.94
3/5/2010,79.2
3/4/2010,77.88
3/3/2010,78.66
3/2/2010,77.5
3/1/2010,76.07
2/26/2010,76.36
2/25/2010,74.38
2/24/2010,77
2/23/2010,76.44
2/22/2010,76.95
2/19/2010,76.88
2/18/2010,76.61
2/17/2010,74.89
2/16/2010,74.82
2/12/2010,71.49
2/11/2010,72.35
2/10/2010,70.4
2/9/2010,70.4
2/8/2010,69.62
2/5/2010,70.11
2/4/2010,71.3
2/3/2010,75.77
2/2/2010,73.94
2/1/2010,71.58
1/29/2010,71.2
1/28/2010,70.65
1/27/2010,72.75
1/26/2010,72.63
1/25/2010,72.18
1/22/2010,72.73
1/21/2010,74.13
1/20/2010,75.09
1/19/2010,75.18
1/15/2010,76.85
1/14/2010,77.61
1/13/2010,77.57
1/12/2010,79.38
1/11/2010,80.14
1/8/2010,80.06
1/7/2010,80.57
1/6/2010,80.14
1/5/2010,79.27
1/4/2010,79.05
12/31/2009,77.91
12/30/2009,77.62
12/29/2009,76.65
12/28/2009,76.59
12/24/2009,75.15
12/23/2009,73.87
12/22/2009,71.64
12/21/2009,72.74
12/18/2009,71.87
12/17/2009,71.28
12/16/2009,73.34
12/15/2009,71.33
12/14/2009,71.19
12/11/2009,70.07
12/10/2009,70.91
12/9/2009,73.63
12/8/2009,74.93
12/7/2009,76.18
12/4/2009,77.74
12/3/2009,77.76
12/2/2009,76.96
12/1/2009,78.68
11/30/2009,77.77
11/27/2009,76
11/25/2009,76.57
11/24/2009,75.35
11/23/2009,78.14
11/20/2009,75.61
11/19/2009,76.45
11/18/2009,78.64
11/17/2009,77.36
11/16/2009,77.14
11/13/2009,74.81
11/12/2009,75.18
11/11/2009,76.99
11/10/2009,77.07
11/9/2009,77.18
11/6/2009,75.51
11/5/2009,78.02
11/4/2009,78.21
11/3/2009,75.68
11/2/2009,75.56
10/30/2009,74.91
10/29/2009,77.18
10/28/2009,75.11
10/27/2009,76.69
10/26/2009,76.45
10/23/2009,77.72
10/22/2009,78.36
10/21/2009,77.74
10/20/2009,76.51
10/19/2009,75.86
10/16/2009,74.58
10/15/2009,73.14
10/14/2009,72.16
10/13/2009,70.81
10/12/2009,70.75
10/9/2009,69.45
10/8/2009,68.47
10/7/2009,67.65
10/6/2009,68.51
10/5/2009,65.26
10/2/2009,66.5
10/1/2009,67.12
9/30/2009,65.82
9/29/2009,64.63
9/28/2009,65.43
9/25/2009,64.6
9/24/2009,64.99
9/23/2009,67.43
9/22/2009,69.65
9/21/2009,68.11
9/18/2009,70.72
9/17/2009,71.56
9/16/2009,68.51
9/15/2009,66.53
9/14/2009,66.91
9/11/2009,68.76
9/10/2009,68.96
9/9/2009,69.76
9/8/2009,69.2
9/4/2009,65.84
9/3/2009,66.78
9/2/2009,67.6
9/1/2009,68.78
8/31/2009,69.02
8/28/2009,72.8
8/27/2009,70.68
8/26/2009,70.74
8/25/2009,73.1
8/24/2009,74.34
8/21/2009,73.71
8/20/2009,73.75
8/19/2009,72.81
8/18/2009,68.66
8/17/2009,68.65
8/14/2009,71.33
8/13/2009,73.76
8/12/2009,74.03
8/11/2009,71.58
8/10/2009,73.79
8/7/2009,74.21
8/6/2009,74.61
8/5/2009,74.39
8/4/2009,73.82
8/3/2009,72.9
7/31/2009,70.08
7/30/2009,68.82
7/29/2009,65.79
7/28/2009,68.53
7/27/2009,69.78
7/24/2009,68.82
7/23/2009,68.06
7/22/2009,65.36
7/21/2009,65.93
7/20/2009,64.64
7/17/2009,63.54
7/16/2009,62.02
7/15/2009,61.25
7/14/2009,60.48
7/13/2009,58.25
7/10/2009,58.43
7/9/2009,59.17
7/8/2009,59.71
7/7/2009,61.54
7/6/2009,63.12
7/2/2009,65.74
7/1/2009,68.52
6/30/2009,68.11
6/29/2009,69.75
6/26/2009,68.1
6/25/2009,68.82
6/24/2009,68.47
6/23/2009,66.36
6/22/2009,66.13
6/19/2009,70.48
6/18/2009,69.96
6/17/2009,68.95
6/16/2009,70.52
6/15/2009,68.49
6/12/2009,70.62
6/11/2009,71.71
6/10/2009,70.52
6/9/2009,68.94
6/8/2009,67.61
6/5/2009,67.77
6/4/2009,67.68
6/3/2009,66.15
6/2/2009,67.67
6/1/2009,66.6
5/29/2009,64.98
5/28/2009,63.47
5/27/2009,61.28
5/26/2009,59.05
5/22/2009,58.7
5/21/2009,58.02
5/20/2009,59.1
5/19/2009,57.12
5/18/2009,56.51
5/15/2009,56.33
5/14/2009,56.25
5/13/2009,56.84
5/12/2009,56.52
5/11/2009,55.99
5/8/2009,56.02
5/7/2009,56.63
5/6/2009,55.07
5/5/2009,53.16
5/4/2009,53.26
5/1/2009,51.75
4/30/2009,50.3
4/29/2009,50.22
4/28/2009,48.64
4/27/2009,48.67
4/24/2009,50.29
4/23/2009,48.29
4/22/2009,48.5
4/21/2009,48.69
4/20/2009,49.06
4/17/2009,52.02
4/16/2009,51.83
4/15/2009,51.31
4/14/2009,52.06
4/13/2009,50.73
4/9/2009,52.33
4/8/2009,52.06
4/7/2009,50.62
4/6/2009,50.91
4/3/2009,50.48
4/2/2009,50.89
4/1/2009,45.92
3/31/2009,46.13
3/30/2009,49.05
3/27/2009,50.81
3/26/2009,51.89
3/25/2009,51.46
3/24/2009,51.32
3/23/2009,51.84
3/20/2009,49.27
3/19/2009,48.03
3/18/2009,45.22
3/17/2009,45.53
3/16/2009,44.12
3/13/2009,44.97
3/12/2009,42.19
3/11/2009,43.2
3/10/2009,44.99
3/9/2009,44.55
3/6/2009,43.48
3/5/2009,44.45
3/4/2009,46.07
3/3/2009,42.72
3/2/2009,42.6
2/27/2009,44.41
2/26/2009,45.15
2/25/2009,42.37
2/24/2009,40.18
2/23/2009,41.27
2/20/2009,42.19
2/19/2009,42.36
2/18/2009,39.41
2/17/2009,39.69
2/13/2009,43.36
2/12/2009,47.23
2/11/2009,44.24
2/10/2009,45.88
2/9/2009,47.23
2/6/2009,44.49
2/5/2009,43.92
2/4/2009,43.68
2/3/2009,43.15
2/2/2009,42.96
1/30/2009,44.17
1/29/2009,43.13
1/28/2009,42.86
1/27/2009,42.86
1/26/2009,48
